key,source,target
/F47D03E047BBF231D2871BB201ED025D,- Base Multiplier -,- Основен множител -
/6940994B4B20C1F6575C18AD951151F7,- Base Value -,- Основна стойност -
/AFCC13564CFA4C237D055A89089B20D7,- Buffs Available -,- Налични бонуси -
/F1459BD445F569F9405238A43457A2D7,- Collect 10 Wood,- Събери 10 дърва.
/7C0D21E94A99B70264D287B742324688,- Collect {Amount} Wheat to unlock Milestone 2 for Wheat,"- Събери още {Amount} пшеница, за да отключиш етап 2 за пшеница."
/EDC165F74F098B68CEE8DB95B7FC4636,- Collect {Amount} Wood to unlock Milestone 3 for Wood,"- Събери още {Amount} дърва, за да отключиш етап 3 за дърво."
/30C274AF4A53D1925439D39149A20906,- Craft 4 Wooden Planks,- Изработи 4 дъски.
/EFBB368C42B1B6D4DACBBFAE74C99B19,- Expand your Island to unlock the first Mountains Biome,"- Разшири острова си, за да отключиш първия планински биом."
/231E74564C209B585D7E1495A46E91EA,- Expand your Island to unlock the last Forest Biome,"- Разшири острова си, за да отключиш последния горски биом."
/5F973D0D4EF38476794FA69367779362,- Explore the Dark Thicket once,- Изследвай Мрачната гъсталака веднъж.
/E68FF72F470F899A23621D9634BC3A58,- Gold Cost -,- Златна цена -
/92B309594B7392D507E179AA70E31EAE,- Grow time -,- Време за растеж -
/46B01D074F2459A8444062AE9797C877,- Max Buffs Amount -,- Максимален брой бонуси -
/E148C3BA4A95A0691B753E86959F1663,- Multiplier -,- Множител -
/9A4FF3854E837E73B4DC77A9A12F2C19,- Place a Primitive Assembler,- Постави примитивен асемблер
/B3620CF042CAAAFA9FFE23A14E3B344A,- Place a Primitive Chest,- Постави примитивен сандък
/DA0146C24EF3D5CFD361EDA45639D523,- Place a Primitive Collector,- Постави примитивен събирател
/0F41820047E5DAE58C692A85CDB3F002,- Place a Primitive Pipe,- Постави Примитивна тръба.
/0EC42ED1449C928E4625CFA674E94C70,- Place a Primitive Plant Farmer,- Постави примитивна растителна ферма
/C329C55840EF9DE0F0D0D492968527C4,- Place a Primitive Rock Crusher,- Постави примитивна каменотрошачка
/BE538DF74B5DD1EB9A99258FDE2F8A05,- Place a Research Table,- Постави изследователска маса
/F382D9364C852FD82355B996AA210814,- Place a Wood Cutter,- Постави дървосекач
/0152DD3648DC8C6E836AB7B5AD08A967,- Place a Workbench,- Постави работна маса
/26376AF64B5C213BC942248FE03069EF,- Reach Clay Milestone 3,- Достигни до етап 3 за глина
/DCACFC904B25883EE42839A9EDAEA133,- Time until grown -,- Време до узряване -
/3584D021448428FB29346B87809881EB,- Total Plants harvested -,- Общо обрани растения -
/366B0BB74AF47D9EC608978332768FF0,- Unlock Stone Milestone 1,- Отключи етап 1 за камък
/B37F52E04EA377D6B885899094ABD3D1,- Unlock Wood Milestone 1,- Отключи етап 1 за дърво
/969DA80947610ACCB3284892AA53C1FD,- Use the Manifester in front of the Cave to expand the Island,"- Използвай манифестатора пред пещерата, за да разшириш острова"
/EBCD295B40DFC0A7C7DC608451DE2FA6,- Value -,- Стойност -
/8D2FD1F2414ABA86D57BF1A33A6E96B5,...,...
/A24901DB419816CB8CC3AEA382B21CE0,"... no, nothing more ...","... не, нищо повече ..."
/599FA3304A266DB188C144B3585421BE,20% chance to double the Fuel and Credits from a resource.,20% шанс ресурсът да даде двойно гориво и кредити.
/16F0DF904E8321A3DC55B39F62A9B77A,A Lighthouse brought you here...,Един фар те доведе дотук...
/F2461B9A40301897E4B7C8AC35D9556D,A bronze statue that ensures only rock-type resources spawn within its radius.,"Бронзова статуя, която гарантира появата само на каменни ресурси в нейния радиус."
/F7CCC6A2488FA90399D052AEC573EC16,A building that automatically destroys all items delivered to it through pipes.,"Сграда, която автоматично унищожава всички предмети, доставени до нея чрез тръби."
/2B538C574B9127806B4ADC9FC5194FC6,A container for item storage and buffer management. Limited capacity of 150 items.,Контейнер за съхранение на предмети и управление на буфери. Ограничен капацитет от 150 предмета.
/48DBA8B545117E65B906D68815C0E119,A container for item storage and buffer management. Limited capacity of 80 items.,Контейнер за съхранение на предмети и управление на буфери. Ограничен капацитет от 80 предмета.
/DA3E12CF455CED20ACB95FA783495781,"A dedicated storage container for Plant-type Milestone items. Restricted to plant-related milestone resources only, with a capacity of 1000.","Специализиран контейнер за предмети от типа „Растение“, нужни за етапи. Събира само растителни ресурси за етапи и има капацитет 1000."
/CE2038714310851E96F92592773B44B1,"A dedicated storage container for Rock-type Milestone items. Restricted to rock-related milestone resources only, with a capacity of 1000.","Специализиран контейнер за предмети от типа „Камък“, нужни за етапи. Събира само каменни ресурси за етапи и има капацитет 1000."
/3CE0D53C4BD2437B1BA3FCB842C897D7,"A dedicated storage container for Wood-type Milestone items. Restricted to wood-related milestone resources only, with a capacity of 1000.","Специализиран контейнер за предмети от типа „Дърво“, нужни за етапи. Събира само дървесни ресурси за етапи и има капацитет 1000."
/63B0CE74478B891FA11F1EA91B3D1961,"A game made by Amar Civic, featuring music by Adriel Marques.
Published by Irox Games.","Игра, създадена от Amar Civic, с музика от Adriel Marques.
Издател: Irox Games."
/1039585C49463C3B40D97288F19BD9BB,A game made by:,"Игра, създадена от:"
/2330A73048FFF7E8CA2ADBA8917004B4,A logistics component for automated collection. Features 3 inputs and 1 output to combine item flow.,Логистичен компонент за автоматично събиране. Има 3 входа и 1 изход за комбиниране на потока от предмети.
/C9ADE56745D62BEA8928BBBCBDC4F77D,A logistics component for automated distribution. Features 1 input and 3 outputs to split item flow. Can also filter items.,Логистичен компонент за автоматично разпределение. Има 1 вход и 3 изхода за разделяне на потока от предмети. Може също да филтрира предмети.
/694D9C3147A51D21F7C8C7A69ED643EC,A logistics component for extending pipeline reach. Allows connecting pipes beyond their maximum individual length.,Логистичен компонент за удължаване на обсега на тръбопровода. Позволява свързването на тръби отвъд максималната им индивидуална дължина.
/EEA366154EF80700B9F19580C1F81D17,"A machine that can receive items through pipes to automate crafting, at a fast speed.","Машина, която може да получава предмети чрез тръби за автоматично изработване с висока скорост."
/85948CFF4ABC9D4FD59671B1FD720A4A,"A machine that can receive items through pipes to automate crafting, at a normal speed.","Машина, която може да получава предмети чрез тръби за автоматично изработване със средна скорост."
/881EA32C4C718E2CA9B508A981D44D90,A manual workstation for crafting simple parts from basic materials. Crafting speed is faster than early-stage Assemblers.,Ръчна работна станция за изработване на прости части от основни материали. Изработва по-бързо от ранните сглобяващи машини.
/CAA7D7FE4E3B359FE0E7CE8CFCAAF97C,A milestone progression item. Wood Dust is dropped by all trees in the Dark Thicket. ,Предмет за напредъка по етапите. Дървесен прах пада от всички дървета в Мрачната гъсталака.
/2DC224A24894CCCB1149F08D000151DE,A primitive tool for gathering resources with a base power of 2. Upgradeable at the Tinker Station.,Примитивен инструмент за събиране на ресурси с основна мощност 2. Може да се надгражда в работилницата.
/42DF483140D0ACE699CACAB1F17E744C,A shore you shaped... a prison you chose,"Бряг, който сам създаде... затвор, който сам избра"
/526A3161406F55EAE655A282D49047DB,"A simple decoration. His name is George. He may not be capable of much, but he tries his best!","Прост декоративен предмет. Името му е Джордж. Може би не може много, но се старае!"
/467201E44FD4A2AB2B4E87B687048A62,A specialized workstation for crafting and upgrading equipment.,Специализирана работна станция за изработване и надграждане на оборудване.
/466E09654FA39F4B15E4A8A49FFECA8B,A starter tool with a base power of 1. It can break all resources and is upgradeable at the Tinker Station.,Начален инструмент с основна мощност 1. Може да разбие всички ресурси и може да се надгражда в работилницата.
/7BEB2E23436BD62AC64E5E9516FFFD68,A statue that prevents resources from spawning within its radius.,"Статуя, която предотвратява появата на ресурси в радиуса си."
/81603A8C4DFDB5A3598363A1A90ADA07,A sturdy tool for gathering resources with a base power of 10. Upgradeable at the Tinker Station.,Здрав инструмент за събиране на ресурси с основна мощност 10. Може да се надгражда в работилницата.
/63CB1A294A703C0B2998389490EAD45D,A sturdy tool for gathering resources with a base power of 14. Upgradeable at the Tinker Station.,Здрав инструмент за събиране на ресурси с основна мощност 14. Може да се надгражда в работилницата.
/143852284F16A51B506334BD2F46A033,A sturdy tool for gathering resources with a base power of 18. Upgradeable at the Tinker Station.,Здрав инструмент за събиране на ресурси с основна мощност 18. Може да се надгражда в работилницата.
/AF75E2094AA81D3391B9C48B56DD6FB6,A sturdy tool for gathering resources with a base power of 4. Upgradeable at the Tinker Station.,Здрав инструмент за събиране на ресурси с основна мощност 4. Може да се надгражда в работилницата.
/4709592B4808C73D836C5A94FB637099,A sturdy tool for gathering resources with a base power of 6. Upgradeable at the Tinker Station.,Здрав инструмент за събиране на ресурси с основна мощност 6. Може да се надгражда в работилницата.
/8817A23949BEB7502769CD9D1892C642,A sturdy wooden container for item storage and buffer management. Limited capacity of 30 items.,Здрав дървен контейнер за съхранение на предмети и управление на буфери. Ограничен капацитет от 30 предмета.
/890C1002439582D0C7DFC0BF5EACAC0E,Abilities,Способности
/279BA09D44A9493D6AE970A52057828E,About Runes,За руните
/68CDCEC042EB3F6C74669CA1B4616AAA,Acceptance,Приемане
/D4E13FE344A8DE790648DA823E523BFD,Action,Действие
/85BDB0004952855B5E7B3BB647596BDD,Add,Добави
/F4C7B81E4B04B160C249939D2A1F6ED5,Adds 10% chain chance per level.,Добавя 10% шанс за верижна реакция на ниво.
/12B4093C4847A340151FCFAF001616D5,Adds 2% chance per level for a resource to drop double fuel and credits.,Добавя 2% шанс на ниво ресурсът да даде двойно гориво и кредити.
/B820ABF945976EE4F76F01B9E3C028FA,Adds 5 seconds to every run.,Добавя 5 секунди към всяка обиколка.
/4602B3B54E7B084D17DEC1B61BB25237,Adds 5% chance for a hit to instantly shatter the resource.,"Добавя 5% шанс за удар, който да разбие ресурса на момента."
/39BF737A49C28AF3E7FB77AED01BFCE8,Adds 6 flat damage to every hit.,Добавя 6 фиксирани щети към всеки удар.
/BB9943AE4F651C062665998AE14C923C,Advanced Drill,Напреднала сонда
/79509E8E4CC6A83C4DB983B58F66AF0A,Advanced Fabric,Напрегната тъкан
/DFD982C14EFA4AE42B0E6FB0FF620D3C,Advanced Toolbelt,Пояс за напреднали инструменти
/4E4519494730A6569CE85EB13222BEF2,After all you have tried...,"След всичко, което си опитал..."
/970B5C244FB61E5959E1448AB356D43F,After all...,Накрая...
/9A08DA844887CB11F8416EA07E702A78,All plants can receive one additional buff.,Всички растения могат да получат едно допълнително поощрение.
/DCBCAB3A4E1053F71CDE8DBA3AFF7F3A,"Allows Dig Radius buffs to spawn, temporarily increasing your dig radius by +2 meters.","Позволява появата на бонуси за радиус на копаене, които временно увеличават радиуса ти за копаене с +2 метра."
/6E2E78E84EBFEA6EEEC756B01EF582A3,"Allows Energy buffs to spawn, granting 300 energy when collected","Позволява появата на бонуси за енергия, които дават 300 енергия при събиране."
/85C9F8044D5FAD2E3A55A3A17526F3A9,"Allows Multiplier buffs to spawn, temporarily increasing both the ore and mineral multiplier by 1","Позволява появата на бонуси за множител, които временно увеличават множителя на рудата и минералите с 1."
/54431B5A4F8171E80FCBEBB293C2035A,"Allows loot boxes to spawn, containing a variety of ores and minerals","Позволява появата на сандъци с плячка, съдържащи различни руди и минерали."
/FE547C394009A802800498B7925E2174,Alloy Forge,Ковачница за сплави
/3CF899014C9445E46C24EBA88CA57105,Alternative Recipe,Алтернативна рецепта
/E318CEA14C8671BD3F3D2C8431C2D47B,"Am I inspiration, or rule?","Аз вдъхновение ли съм, или правило?"
/77DD0B744E549A065C2177A5BC927A2E,Ambient Volume,Обем на околния звук
/565DF2FD43665D5A8E7F208176E994C6,Ambush,Засада
/2289B70640F9560FC8960793E088C7B5,An altar that slowly generates all types of wood milestone items without requiring resources.,"Олтар, който бавно генерира всички видове дървесни ресурси за етапи, без да изисква ресурси."
/CFBECD804754C4A0E0300D94E8E3E91C,An altar that slowly generates any item without requiring resources.,"Олтар, който бавно генерира всеки предмет без да изисква ресурси."
/76003AE2451683CC0DEF7BA9B49C859E,An altar that slowly generates wood. It does not require nearby wood resources to operate,"Олтар, който бавно генерира дървесина. Не изисква близки дървесни ресурси, за да функционира."
/C161454C4EB1542E10053BB6DCEDA2DD,An end draws near,Краят наближава
/3ABC842545013F60C43EC19C77AA2A1A,Analyze Cost,Анализирай цена
/2256AF92448BA2D80364C69E5CAA57C2,Analyzer,Анализатор
/92C0F491470A994A245E5F819428F38E,Ancient Irrigation,Древно напояване
/AC7D85BF4745FA1A525535AC7FB6147E,"And in the end, there’s nothing you can do...","И накрая, няма нищо, което можеш да направиш..."
/9B053A254FBFBD127E9835A6D7CAFD00,Another Nightwater will find you once the hunger returns,"Друг Найтуотър ще те намери, когато гладът се завърне."
/7999CA92425BFDBDCA4223BD49F59A46,Anti-Aliasing Quality,Качество анти-алиасинг
/E611422A438AC7C94F2355B5A012C20D,Apply,Приложи
/466C45C649DF3E4C4ECE1DA26DAEA607,Apply Window Settings,Приложи настройки на прозореца
/5902B95841C454DEA7AB64BEE9E52D9A,Arc Furnace,Електролучна пещ
/EA6596514E7ADD4E97958996C32ECA70,Are these rules you chose... or rules pressed upon you?,Тези правила ли избра ти... или са наложени върху теб?
/0E0B68144AD8CD3B60B14299F86C9B6D,"Are you free, or chained?","Свободен ли си, или окован?"
/D5A09AF94DF23BEEBEB4C089111AA585,Area of Effect range: {AoERange},Обсег на зоната на действие: {AoERange}
/A37F4E0646C862D56C9331914E62641E,Area of Effect strength: {AoEStrength},Сила на зоната на действие: {AoEStrength}
/1933952148F31EB7F134BFB43383F12F,Area-of-Effect Ability,Способност със зона на действие
/B15EBC804EDFB8BE6ED42C8DC30D5B40,Area-of-Effect Damage,Щети в зоната на действие
/7A13476C44400C7E291175B24A4D58CC,Area-of-Effect Radius,Радиус на зоната на действие
/D196E4D848285F207B6084957257F074,Ask yourself... are you satisfied?,Запитай се... доволен ли си?
/16B3FAF44EB4E687B9682CB08B51103F,Assembling Progress,Напредък на сглобяването
/0400615141F7843550132CA299358717,"Attack 20% faster, but deal 5 less base damage.","Атакувай 20% по-бързо, но нанасяй 5 единици по-малко основни щети."
/4FD892764F0E00CD755550A40554A441,Attack Speed,Скорост на атака
/EBD69F5047878167A6BFE2A5010F686B,Aura Size,Размер на аурата
/48A38F824284D7794E602DAC3D246993,Aura size: {AuraSize},Размер на аурата: {AuraSize}
/4582E59E4AB4D06DC38D0C811CD211DD,Auto Harvest 1,Автоматично прибиране 1
/F351D6904D66E83D2B4068BA5BD7DD90,Auto Harvest 2,Автоматично прибиране 2
/02778EAB48B24D274C3754B6DDFE3DEE,Auto Harvest 3,Автоматично прибиране 3
/F2B52F4343214514C8F90CB06DBADA80,Auto Replant 1,Автоматично засаждане 1
/49482E3C4BC8C1822220DB83E3DAF30F,Auto Replant 2,Автоматично засаждане 2
/C847366840D0D8D2F66227A02A06F462,Auto Replant 3,Автоматично засаждане 3
/236182BE4F3C5D6E47E774883FC1F052,Auto-Harvester,Автоматичен събирач
/7F8B10BE42FEE2DBB10A9D8D9C114A66,Auto-Planter,Автоматичен засадител
/C0ED563B41A2D49D6EC15F8B8A8FF358,Automate wood production by connecting a Wood Harvester to a chest using a pipe.,"Автоматизирай производството на дървесина, като свържеш събирач на дървесина към сандък чрез тръба."
/7896871D4BF4A36690742AB429F43220,Automated Fertilizer,Автоматичен тор
/3F9F789F43F1643A0F85A084AAB0E021,Automatically collects nearby ores and minerals while digging,Автоматично събира близките руди и минерали при копаене.
/37ABCC8D4C40D4C4619131965C7F5F3C,Automatically harvests every ready plant in this area and stores the gold for you to collect.,"Автоматично бере всяко готово растение в тази зона и съхранява златото, за да го събереш."
/47E334F84F62C29569DED3B6D58482CD,"Automatically harvests plant resources within a small radius, at a fast speed. Harvested items count towards Milestone Progression.",Автоматично бере растителни ресурси в малък радиус с висока скорост. Събраните предмети се броят към напредъка за постижения.
/98818DB94121D6326BE265866F07F908,"Automatically harvests plant resources within a small radius, at a normal speed. Harvested items count towards Milestone Progression.",Автоматично бере растителни ресурси в малък радиус с нормална скорост. Събраните предмети се броят към напредъка за постижения.
/0140DA52401EEDCD566BBC91C381546E,"Automatically harvests rock, clay, and ore within a small radius, at a fast speed. Harvested items count towards Milestone Progression.","Автоматично бере скали, глина и руди в малък радиус с висока скорост. Събраните предмети се броят към напредъка за постижения."
/A51C8C434C7959ED6182D2AA4277FF28,"Automatically harvests rock, clay, and ore within a small radius, at a normal speed. Harvested items count towards Milestone Progression.","Автоматично бере скали, глина и руди в малък радиус с нормална скорост. Събраните предмети се броят към напредъка за постижения."
/EB6B12D54B28F0861C7383A463493492,"Automatically harvests tree resources within a small radius, at a fast speed. Harvested items count towards Milestone Progression.",Автоматично бере дървесни ресурси в малък радиус с висока скорост. Събраните предмети се броят към напредъка за постижения.
/C06623C44A38EE6E81D64CBEF8FEB02D,"Automatically harvests tree resources within a small radius, at a normal speed. Harvested items count towards Milestone Progression.",Автоматично събира дървесни ресурси в малък радиус с нормална скорост. Събраните предмети се броят към напредъка за постигане на цел.
/8C6B07364D12FA765507AD9C6FD1A40E,"Automatically harvests tree resources within a small radius, at a very high speed. Harvested items count towards Milestone Progression.",Автоматично събира дървесни ресурси в малък радиус с много висока скорост. Събраните предмети се броят към напредъка за постигане на цел.
/60C21EC44B0B2544CBD7BFB3A2B5B0EC,Automatically replants each empty plot with the last plant that grew there.,Автоматично презасажда всяко празно място с последната отгледана там култура.
/75A9A3164D450A23F3D3C5A4E98290D6,Awake to the sound of my voice,Събуди се от звука на гласа ми.
/545264BB462F4DB7C5027CBD493E88EA,Axe Cooldown Reduction,Намаляване времето за охлаждане на брадвата.
/091775AB486DD08A5DD04A8A1CFBBEB4,Axe Skill,Умение с брадва
/C09AF6524DF3E9C73FAC9AA74BE9EF9D,Axe Skill Stackable Damage,Натрупващ се урон на умението с брадва.
/F3EE37174E49515CFFE8DE84223AD3FC,Axe Skill Stackable Radius,"Радиусът, който може да бъде увеличен от умението с брадва"
/030A36ED42E5D2177D8684A7C03CD45D,Banked Credits,Запазени кредити.
/BC1D695D4BE65A9BC01309889004BC9C,"Be precise, or the cloth will show what lies behind","Бъди точен, иначе платът ще покаже какво се крие зад него"
/D6F2BD444272C421BAE954964C1E55A3,Beat all four tracks and max out your movement to speedrun for the best times. Progress far enough to unlock powerful buffs and unique buildings outside of the minigame.,"Победи всички четири писти и максимално развий движението си, за да постигнеш най-добрите времена. Напредвай достатъчно далеч, за да отключиш мощни бонуси и уникални сгради извън минииграта."
/2C11C6D9480D9D3C138F16AF728F851D,Berserk Cooldown Reduction,Намаляване на времето за охлаждане на Berserk
/CB463C7A470FFA55523F9C961B235E09,Berserk Damage Boost,Увеличаване на щетите от Berserk
/56CD4AEA489EABAE03180AB5714C83B7,Berserk Double Poison Damage,Двойни щети с отрова по време на Berserk
/F55B92534910286990CAECA76AB015C8,Berserk Double Weakness Damage,Удвоена слабост при увреждане по време на Berserk
/DE6D8AF048305861D8B3F18454E2F946,Berserk Increase Duration,Увеличаване на продължителността на Berserk
/A9E8374E4F0492B7BF4EF9A46FF553FC,Berserk Resource Gain,Придобиване на ресурси по време на Berserk
/C4C8C3F54B1A4988394A15B4182811A1,Berserk Skill,Умението Berserk
/2293DD544BDDFFAED2FEB5BE605625EB,Berserk Speed Boost,Повишаване на скоростта по време на Berserk
/65A21CAD41A5894FAA2D6982DD0A34B0,Berserk Stackable Duration,Натрупваща се продължителност на Berserk
/956FECCF4F1BD9976BFB3E8A0A0EC2C7,Berserk Stackable Resource Gain,Натрупване на ресурс Berserk
/DAA90062456157636C94E8B17DCFA766,Berserk duration: {BerserkDuration},Продължителност на Berserk: {BerserkDuration}
/41E941CE4AD89230D49E5A877B0C41BB,Best time,Най-добро време
/3BCB1DE44F2A7187FD59678D3E6BA4B4,Better Soil,По-добра почва
/B5A962AA4FA3E9C99FAC13A88C769CF5,Big Flower,Голямо цвете
/FA6DADE64FADD1864578A4A5CF7E3C75,Big Table,Голям плот
/A639B969468811B0D99BEF9657CF63E8,Big decorations,Големи декорации
/621B7EE94D3DC0C5684736981A0FD5D9,Bit & Hogg Cooldown Reduction,Намаляване на охлаждането Bit & Hogg
/C14F6E5E49CEAD160AB7A4A658CD6FA8,Bit & Hogg Skill,Умение Bit & Hogg
/F0835A314956ADE80C4018BA4EBD8281,Bit & Hogg Stackable Damage,Натрупване на щети от Bit & Hogg
/B6642D6945485539D737A0B1B4656682,Blue Platforms,Сини платформи
/DD2A1A2C436BE8AEC8B34AB6122C4422,Boon of Accuracy,Благословия на точността
/F1FB5B834F849CEA803B95A29BFDACCF,Boon of Curiosity,Благословия на любопитството
/DF12B5964C0A8D4717260394ECD7B65E,Boon of Growth,Благословия на растежа
/57B53EEF4A6FF8CFB4BDF788F9C422A8,Boon of Rage,Благословия на яростта
/FEDDBCBF46EF780073E4B1AB8304573C,Boon of Reflection,Благословия на отражението
/E82710854174A5FEB4B15AB2F50E29D3,Boon of Speed,Благословия на скоростта
/5909AB544AD91856B90B91A539E93BB6,Boon of Tenacity,Благословия на издръжливостта
/3D42A66A451D474D7CD32597CF2B2CAB,Boons,Благословии
/25EE80E6436EFF9D4F9DD6A975EA77E0,Borderless fullscreen,Безрамков цял екран
/0A27A2454F007CC41094FCBC4DD5F303,"Born, experienced and forgotten","Роден, преживян и забравен"
/2C08F09D4D01FE6A5BEC8EA009888865,Bronze Ingot,Бронзов слитък
/0697D1CA4BF3DF44CDA244A17102D1AD,Bronze Pickaxe,Бронзова кирка
/E208CCD54DBE31AAE6D49AB2D774DC5E,Bronze Statue,Бронзова статуя
/E8139AD64E21BC04AD514AB97FD6A36C,Buffs,Подобрения
/D48B00A64A0E652969425F8B7E1718D6,Buffs Progression,Прогрес на подобренията
/A8B4C0D644BA415DD4CCC19110ACAD05,Build,Строителство
/64494F5D456EBB162F28A59FE648ED74,Build Menu,Меню за строителство
/F60F7B414417006E8EE837B2CD9B5C45,Build Mode,Режим на строителство
/C2B59179468A74DFF7158092E8FC8E2E,Buildings Progression,Прогрес на сградите
/ED45614344401BFBAC7F0F9264EF3733,Burner,Горелка
/480776CE45519A3B7D37E080D3B5546C,But endings echo here,Но краищата тук отекват
/EDD1B39C42CF839174E17B8022125219,"By using the teleporter equipment, you can teleport to teleport pads. Teleport pads can be renamed.",С помощта на телепортера можеш да се телепортираш до телепортационни платформи. Телепортационните платформи могат да се преименуват.
/5294D3844B936439CBD6678F14B8434A,CRIT,КРИТ
/E172DCE448F9FE9AA0DEC28A635F8106,Cactus,Кактус
/9BFC7A224B52436AF4F4E88B2A86AEF2,Campfire,Бивак огън
/618B0C564F29A032EFB379B44E1E63F2,Can Hold 75 items. Using the Linked System equipment automatically transfers all items from all linked chests to your inventory.,Може да побере 75 предмета. Оборудването на свързаната система автоматично прехвърля всички предмети от свързаните сандъци в инвентара ти.
/A6E39E6C47C4A870E8DBE2BA70675619,"Can be attached to Upgrade slots on Assembler Buildings. The Assembler has a 50% chance of producing double the number of items with each action, does not stack.","Може да се прикрепи към слотове за надграждане на сгради асемблери. Асемблерът има 50% шанс да произведе двойно количество предмети с всяко действие, не се натрупва."
/F2598B3D459725D063CBD692CE89A2F9,Can be attached to Upgrade slots on Harvester Buildings. Harvesters ignore and automatically delete all byproducts. Focuses production on primary resources.,Може да се прикрепи към слотовете за подобрения на сградите за автоматично събиране. Събирачите игнорират и автоматично премахват всички странични продукти. Фокусира производството върху основните ресурси.
/9789AE4142AB51FFAF1A1AB479757E0B,Can be attached to Upgrade slots on Harvester Buildings. Increases speed by 20% for each additional Harvester in the vicinity.,Може да се прикрепи към слотовете за подобрения на сградите за автоматично събиране. Увеличава скоростта с 20% за всеки допълнителен събирач в близост.
/23EC218A4724E0C8B332CB9FBC30AF3F,Can be attached to Upgrade slots on Harvester Buildings. Increases speed by 40% if there are no other Farmers nearby.,"Може да се прикрепи към слотовете за подобрения на сградите за автоматично събиране. Увеличава скоростта с 40%, ако наблизо няма други растителни ферми."
/D9BA30274B8835AB17D69A95766D7C4D,Can be attached to Upgrade slots on compatible buildings. Increases machine speed by 15%.,Може да се прикрепи към слотове за надграждане на съвместими сгради. Увеличава скоростта на машината с 15%.
/E3702157440083CD292A29A396C54F3F,Can be attached to Upgrade slots on compatible buildings. Increases machine speed by 20%.,Може да се прикрепи към слотове за надграждане на съвместими сгради. Увеличава скоростта на машината с 20%.
/D9329D9D4ED23EC19FAF88B4D1E91EF8,Can be attached to Upgrade slots on compatible buildings. Increases machine speed by 25%.,Може да се прикрепи към слотове за надграждане на съвместими сгради. Увеличава скоростта на машината с 25%.
/65A38E8B4DF219977EA98E938F1A0BAE,Can be attached to Upgrade slots on compatible buildings. Increases the building's operating range by 1.5 meters.,"Може да се прикрепи към слотове за надграждане на съвместими сгради. Увеличава оперативния обхват на сградата с 1,5 метра."
/44F457AC445EA55D25EE8CA80B1AFE80,Can be attached to Upgrade slots on compatible buildings. Increases the building's operating range by 3 meters.,Може да се прикрепи към слотове за надграждане на съвместими сгради. Увеличава оперативния обхват на сградата с 3 метра.
/308F49A14CE41101DD567E91F955E0D0,Can be attached to Upgrade slots on compatible buildings. Increases the building's operating range by 4.5 meters.,"Може да се прикрепи към слотове за надграждане на съвместими сгради. Увеличава оперативния обхват на сградата с 4,5 метра."
/30539AE147658F8843AA6C8D4A16A57C,"Can be crafted at the Tinker Station.
Unlocks the Workbench and Research tabs in the inventory.","Може да се изработи в Станцията за доработка.
Отключва картите Работилница и Изследвания в инвентара."
/C0352F67423FEEE064D795863C757703,"Can be crafted at the Tinker Station.
Unlocks the Workbench, Research and Tinker tabs in the inventory.","Може да се изработи в Станцията за доработка.
Отключва картите Работилница, Изследвания и Доработка в инвентара."
/E84B493544AF5A0838E840B7388A651A,Change Buffs,Промени бонусите
/8628B9A64A519ED15E9D63900836B9C4,Change Building with:,Промени сграда с:
/16E98D2C4A004759974FD68BCCC34612,Change Category,Промени категория
/ED3FE5B545005BCC89FF1AA024A7E7BD,Change Current Craft,Промени текущо производство
/8D66F1754BC8EA8FAF5676A2EA92DD9B,Change Filter ,Промени филтър
/5095022C40AD4E8EFADE2A85BB2CAA51,Change Name,Промени името
/B4AF82E840126CF3A42EAC93A5452B40,Change Stats,Прикажи статистика
/1D53BE02402602BF8967CD8911810374,Chili,Чили
/8E5E0AA2458E8DEA97AF0C8D781392ED,Choices,Избори
/19D946C6479191690B0A78AD65D4D264,Choose Buff,Избери бонус
/85446E6541EAB01EBA798C9A2FC250E2,Choose Class,Избери клас
/838C489A4AA39927607AB7B0A08EC306,Choose Recipe,Избери рецепта
/C08CB1B44905D6BFB15640BC2D47E8BD,Choose Upgrade,Избери надграждане
/91C3B17D4872062E1C66A686A0DA365A,Choose one,Избери една
/34F875834DE7DBE6C49B9F9E06E8DB93,Class Selection,Избор на клас
/B9A3E3C843AF0922C94266A9AAF600F4,Clay,Глина
/E9871E1C4E776C672A03278BC7246624,Clay Brick,Тухла от глина
/28E9A5714DE4F3920FB1D88C987F16E7,Clear Debris,Изчисти останките
/3D052C3D4271641B6B37ACA7C958F883,Clear debris to unlock new oasis areas and discover stronger plants. Progress far enough to unlock powerful buffs and unique buildings outside of the minigame.,"Изчиствай отломките, за да отключиш нови оазисни зони и откриеш по-силни растения. Напредвай достатъчно далеч, за да отключиш мощни бонуси и уникални сгради извън минииграта."
/0BBAE0A945DE458549BA37827A3CDCB3,"Click empty rune slots to equip new runes, or click equipped runes to replace them. Higher-quality runes have stronger effects, and newly found runes are based on the average quality of your currently equipped runes. Rune quality scales infinitely.","Кликни върху празните слотове за руни, за да оборудваш нови руни или кликни върху оборудваните руни, за да ги замениш. Руните с по-високо качество имат по-силни ефекти, а новооткритите руни се базират на средното качество на твоите в момента оборудвани руни. Качеството на руната нараства безкрайно."
/F14E72E445B1AD99871E1998231B5DB0,Close,Затвори
/6B683CA5434A1D9E1B054E939D651808,Close-up distortion effect,Ефект на изкривяване отблизо
/3A6E21B14397B0E1A91A0A9812D62043,Coal Coke,Въглищен кокс
/E033C9EF4EDB1AD4D49A82A00704CE33,Collect on Dig,Събиране при изкопаване
/5CC353D0466023B98EDC279528033A0A,Collect {Value} more {ItemName} to unlock this entry.,"Събери още {Value} от {ItemName}, за да отключиш тази позиция."
/6C31B7324F7D11953D817D9286B069F8,Combined with my wishes...,В комбинация с моите желания...
/DB75F2F44C352AA9FD27D9B34141B347,"Complete Milestones to unlock new buildings, crafts, and buffs. Progress increases by gathering resources manually or via Buildings. Use the Research Table to track progress.","Завършвай етапи, за да отключиш нови сгради, рецепти и бонуси. Напредъкът се увеличава чрез ръчно събиране на ресурси или чрез сгради. Използвай изследователската маса, за да следиш прогреса."
/DA84C5A942658BA7D15374AE1B93559D,Completion reveals shapes once hidden from sight,"Завършването разкрива форми, които преди са били скрити от погледа"
/7179DD424A2434A352E0FC85C5B58557,Confirm Destroy,Потвърди унищожаване
/BD22AC6741A692CF60C2D09C7EF38016,Connects machines to transfer items between inventories. Long range with fast throughput.,Свързва машини за прехвърляне на предмети между инвентари. Дълъг обсег с бърз капацитет.
/99B9377D4BF1197394F936B5695727D0,Connects machines to transfer items between inventories. Medium range with medium throughput.,Свързва машини за прехвърляне на предмети между инвентари. Среден обсег със среден капацитет.
/1CB34A2A494747486D3415B6F4A08062,Connects machines to transfer items between inventories. Short range with slow throughput.,Свързва машини за прехвърляне на предмети между инвентари. Кратък обсег с бавна производителност.
/7517693D4AF49657CCE4BB88FB68DB98,Connects machines to transfer items between inventories. Very long range with very fast throughput.,Свързва машини за прехвърляне на предмети между инвентари. Много дълъг обсег с много бърза производителност.
/88FDCEB046E3DA5A672F9FA613214900,Continue to the next area!,Продължи към следващата зона!
/4D80DBEE4C83776E08E04C86B2EE76C7,Contract,Договор
/15E154F9419D7F7208C737ADBA422662,Controls,Контроли
/5107801F446E2CB9737E3291A0B2B2F6,Cooldown Reduction On Kill,Намаляване на времето за охлаждане при убийство
/9B59D76C467E1DF6FA1E97B62A51C124,Cooldown: {CooldownAmount},Време за охлаждане: {CooldownAmount}
/86F98E8349A2E6875333C3AA0E6ABC71,Cooling Unit,Охлаждаща единица
/2870ACD54CA5CB05611424A053C2E689,Copper Dust,Медна прах
/B7EA3D8445197EE659FC0D83AB87D91F,Copper Ingot,Меден слитък
/CC7A923D4D73A6851836D49187A8947E,Corn,Царевица
/0F06EAFF42B8F49F70DFFFBBCD2F7B1D,Cost: {RequiredData} Data,Цена: {RequiredData} Данни
/DDAC59D04079E128D45FD8BF93D0139C,Craft Item,Изработи предмет
/5424AC9E499CAC58EA55CB9429E9A138,Creates a medium-sized hole. Energy cost: 5,Създава средно голяма дупка. Разход на енергия: 5
/C3E03F7A472869F0ACA1EDACF7CDA16A,Credit Bonus,Бонус кредити
/7E2B639B46F6DFA7DB5515AB1358599C,Credits,Кредити
/D59048544655EA422E213B989218CE9D,Credits,Кредити
/4F9B6FD84921F12CBE9AB8A9BCDE6B09,Credits per Round,Кредити на рунд
/BAA052A647CAB807A7493CBC0AAE2950,Crosshair,Прицел
/FFE12DA34753650ACF9031B72D2F75FA,Crowded Fields,Претъпкани полета
/9663718E4482BA8F1266D28DCCFFA9A7,Crystal Dust,Kristalna prašina
/39FFAA0647E4C5965194C3B402826544,Crystal Rose,Kristalna ruža
/CD9B8D7D4BF59822EAF541843B20D516,Culling Blow,Milosrdni udarac
/D29AA82F435BE99091547694A6405ADA,Current Gold: {GoldAmount},Trenutno zlato: {GoldAmount}
/93D4A71C40FDCFE02D06BB92493F58C4,Current Level,Trenutni nivo
/AF3B2B2A4DDF6FB43D7B41988B0822E8,Current Run,Trenutna tura
/042549984EF90DB22384E8894811394B,Damage Trees by interacting with them in the dark thicket.,Nanosi štetu stablima interakcijom s njima u Mračnom gustišu.
/297E0339424D940C8B0F7D9BDDFA2A93,Damage gain: {DamageGain},Dobitak štete: {DamageGain}
/17777F044587A3D740A495B799AE1F5C,Damage per Hit,Šteta po udarcu
/07DB7DE54FA2BC45E09AB2AAB98F4C9B,Damage: {DamageAmount},Šteta: {DamageAmount}
/C23DCCA64AD681B1EC3CB1BAB40D736A,Dark Thicket,Тъмен гъсталак
/E45156034B70F932A237DD8303CBC787,Dark Thicket Resources,Ресурси на Тъмния гъсталак
/8A3DCE0348A9101121A022A14E89C462,Dash,Скок
/12DE802E485D569E046721B6F94DE882,Data,Данни
/7C1BC9BF41399E75D99A33BC0E1D9713,Data Center,Център за данни
/CECD1F5F44E076F9ABFB86AE2EADD1FA,Data Rush,Данна атака
/774BF5C64772F8D7CD64408F28D64019,Data per second,Данни в секунда
/13BDF4E9471B6305FE45218524CF00F2,Data received,Получени данни
/01EB643F4AC0EEF28CB5DDBE796486D4,Deal 20% more damage while standing still.,"Нанася 20% повече щети, докато стоиш неподвижен."
/6E17D01D459FD665D44862A5B9AAE4C2,Deal up to 20% more damage the faster you move.,Нанася до 20% повече щети в зависимост от скоростта на движението си.
/2DD06A3F4FCD761696DF48A5DAA4DA74,Death gives meaning,Смъртта дава смисъл
/4E8FF7B64725970E497E838B691C092B,Deconstruct Building,Разруши сграда
/31C6F62345C4AE3BD6F4F3901B800B0D,Deconstruct Mode,Режим на разрушаване
/26ADC5164065F68D888EC68DAF4BAA97,Decrease,Намали
/D860DE3B49E8AE4B429F15A95320CC47,Deep Roots,Дълбоки корени
/7750A1E3451EF1BBF49395A56CC8143D,Demands,Изисквания
/AB9DD53A4272848EC1AC089DDE6D245D,Dense Forest,Гъста гора
/2923989646727194D1D00B82A1D2A05F,Desert Unlocks:,Пустински отключвания:
/BF7AE4734B97163DA0906FA895E34FAF,Destroy All,Разруши всичко
/D14ECB6544528AE2828F3CA4AD04B1FB,Destroy Rune,Разруши руна
/711D0E514764C8262D6F35811AA9B81A,Destroying a resource boosts your speed and damage by 30% for 3 seconds.,Разрушаването на ресурс увеличава твоята скорост и щета с 30% за 3 секунди.
/661315C949E51F9FC4C7D794EB9B8388,Destroying a resource has a 10% chance to spawn a new one right next to it.,Разрушаването на ресурс има 10% шанс да създаде нов точно до него.
/8E27951241E3112B1F913EA15A65C9FF,Dig Radius,Радиус на копаене
/6140F95247397FBE9B0536AD92A64320,Dig Radius Buff,Повишение радиуса на копаене
/2FD9491E4B6A6562DCA98AAA62D45AE9,"Dig deep enough and you may discover a legendary treasure containing resources, materials, or even rare permanent buffs.","Копай достатъчно дълбоко и може да откриеш легендарно съкровище, съдържащо ресурси, материали или дори редки постоянни бонуси."
/1CFD1B4A47A03CD7C31A08A235C7F63F,Dig your way out of the mountains,Прокопай си път извън планините
/0CB5D2394F915A72365FBA92D82FF7D9,Disable Pinned Items,Деактивирай закрепените предмети
/20C756114D3C44E33E727BBCB4B531B5,Discover new biomes by expanding your island. Some areas contain ruins or structures that can be interacted with.,"Откривай нови биоми, като разширяваш острова си. Някои области съдържат руини или структури, с които можеш да взаимодействаш."
/6CD687EC4C2B5E399248F1BDE8198908,Discovered,Открито
/2E99654A4146EAFCD34B75BA03E01AAB,"Displays milestone progress and all upcoming unlocks for crafts, buildings, and buffs.","Показва напредъка към постиженията и всички предстоящи отключвания за рецепти, сгради и бонуси."
/9663B5D04C43E45E0EE1FDA09A55712A,Double Jump,Двоен скок
/B765BD8C460C5E2D589166834954A3A4,Doubles the base value of all plants.,Удвоява основната стойност на всички растения.
/54AEB2F6493D9309996883AD5A925AA3,Doubles the damage you deal with your tool.,"Удвоява щетите, които нанасяте с инструмента си."
/007DC7C847F3879ACBDC85AD72CD4945,Doubles the power of support plant effects.,Удвоява мощността на ефектите от поддържащите растения.
/5E4A65F841D165B0AA614B9DFFD27493,"During the fuel shortage minigame, power-ups can spawn that grant free credits.","По време на минииграта „Несташница гoriva“, могат да се появят бонуси, които предоставят безплатни кредити."
/B126BC734ECB6092E40D609318B55FDE,Dust,Прах
/E0CEDFAD49AEF0AF51C7DD9BA90B2BA7,Dynamite Ability,Способност на динамита
/30717798488A93F95D6000AD5D2741D1,Each bolt deals 10% more of the hit's damage.,Всяка мълния нанася 10% повече щети от удара.
/6321D01C46404008820A199B42676E82,Each duller than the last... each farther from why,Всеки е по-малко ярък от предишния... всеки е по-далеч от причината
/68227ABA44468C3D9D0764836F0017DD,Each hit has a 20% chance to strike a nearby resource for half damage.,Всяко попадение има 20% шанс да удари близък ресурс за половината щети.
/C9E4FB7A42DC0F0DFC8B16B60E006EAB,Each level adds +1 base multiplier to every plant.,Всяко ниво добавя +1 базов множител към всяка растение.
/2209037B480DCE797DC0D1822B1675B5,Each level increases every plant’s base value by 50%.,Всяко ниво увеличава базовата стойност на всички растения с 50%.
/1102402545DA55164C1D97B0CA5E5440,Early Exit?,Ранно излизане?
/1724C1554FC13994B94DAD8BF0938FA1,Earn 15 extra credits at the end of each run.,Спечелете 15 допълнителни кредита в края на всяко бягане.
/2871F5AD4087529159A744B59C78F7ED,Echo,Ехо
/7AA3983549CD4D3BBE38BAAB0128695A,Echo Count,Брой ехота
/663B2B3E44040CCA81CFC6A42313D188,Echo Damage,Щети от ехото
/FB2F77874A22A27AB80AC3AC0B5DFFD8,Effects,Ефекти
/42D620AA46FA179D6BB570A89A57CA9C,Effects Quality,Качество на ефектите
/522827BE4D2626ED302A1BB542671FB3,Efficient Burning,Ефективно изгаряне
/03AFF57F410E1D95CC4C4AA53765B609,Elder droprate,Шанс за сърце на стабилност
/4887FDF64574C15CF465028CED52720D,Emberbloom,Жарковиет
/8C8E7623454D9BEF0F7004AF69A77D5E,Energy on Collect,Енергия при събиране
/2CE981D244A2FD8F6E3F68916BACF4AB,Enter,Влезте
/47005045402AC2CD2E9FD289AEA54653,Enter Dark Thicket,Влез в Мрачния гъст лес
/4721A8FE467BD9D214BE2F9C66D0A1E3,Enter Data Rush,Влезте в Data Rush
/D8FD1A484C0A82CD90742CAB0E4FD995,Enter Oasis,Влезте в Оазиса
/078E0C474CFF860CBCAA32A80EE7F5A7,"Enter the Arena of Memories and reach the end of the gauntlet before time runs out to unlock the Key of Memories.
Two keys are required to enter the Lighthouse.
Two keys are required to leave Nightwater.","Влез в Арената на спомените и стигни до края на изпитанието, преди времето да изтече, за да отключиш Ключа на спомените.
За да влезеш във Фара, са нужни два ключа.
За да напуснеш Найтуотър, са нужни два ключа."
/D8852A564CAC8D4F334A51BDA1462123,Enter the Mine,Влезте в мината
/F69891344C704904EC25DFA83BEEB2A9,Equip Rune,Оборудвайте руна
/DBC142784B979DACC21AB8AE1E20B757,Every resource yields 15% more fuel.,Всеки ресурс дава 15% повече гориво.
/3EBE75DB464985B18BC0598CDBB7AF42,Exchange,Размяна
/4F247A2C41D96411260C43976B6F5F64,"Expand your island to unlock new biomes, minigames, puzzles, items, and milestones.","Разшири острова си, за да отключиш нови биоми, мини-игри, пъзели, предмети и постижения."
/1395A1194C1DB5EE3250E0905EB55D93,Explore the Dark Thicket and cut down trees to receive Minigame-specific resources. The Dark Thicket has different areas with different Trees!,"Изследвай Мрачния гъсталак и отсечи дърветата, за да получиш ресурси специфични за мини-игрите. В Мрачния гъсталак има различни зони с различни видове дървета!"
/462E8AB04BE92ECE0E69C891EF031A93,Explore the Dark Thicket. Your machines continue to operate while you are away. Minigames can unlock powerful buffs.,"Изследвай Мрачния гъсталак. Машините ти продължават да работят, докато те няма. Мини-игрите могат да отключват мощни бонуси."
/FBE774C047DDC8E6F8ADD882980CAAF4,"Explore the mine and dig deeper to uncover as many ores and minerals as you can. The deeper you go, the rarer the resources you’ll find, but digging will also become tougher.","Изследвай мината и копай по-дълбоко, за да откриеш колкото се може повече руди и минерали. Колкото по-надълбоко отиваш, толкова по-редки са ресурсите, които ще намериш, но копаенето също става все по-трудно."
/2F925C4A493152C02660DE913A1F0789,Extended Area 1,Разширена зона 1
/AA37B69F45BC47F53D2905B5381BEA84,Extended Area 2,Разширена зона 2
/E0C6A4144A9FB4A90708C4B8610C07EF,Extended Area 3,Разширена зона 3
/06734DBF46BC409B175FF7A5680D7145,"Extends your attack range by 20%, whether melee reach, projectile range or blast radius.","Увеличава обхвата на атаката ти с 20%, независимо дали става въпрос за досег в близък бой, обхват на проектил или радиус на експлозия."
/8831E8AC483073B1D0E5CDB042D73362,Extrovert Upgrade,Надграждане на екстроверт
/F26E2E72445ECFD3E87252B659104225,FINISH,ЗАВЪРШИ
/9656E7094FEB52CD89F937AF8023A733,FOV,Поле на видимост
/3E388A644A38352B3D5B43BBB66ED622,Fading Memory,Избледняваща памет
/018BBA23409B03D81213D880B79497CB,Farm Automation,Автоматизация на ферма
/E4F1FCE14CABE9FB501BC09EDDBAE985,"Farm desert plants in an abandoned oasis. Plant crops, wait for them to grow, and harvest them to earn Gold and increase your Plants Harvested progress. Plants also grow while not in the Oasis!","Отглеждай пустинни растения в изоставена оазис. Засаждай култури, чакай ги да пораснат и прибирай реколтата си за злато и увеличаване на прогреса ти с обраните растения. Растенията също растат докато не си в Оазиса!"
/7F9F961E419F856DECB94D9466CB3091,Farm {Value} more Wood Dust to unlock this entry.,"Събери още {Value} дървесен прах, за да отключиш този вход."
/F0FDDE4E4D744073C128BDBB883D83C1,Fast operating wood harvester with a base capacity of 15 per slot,Бърз събирач на дървесина с основен капацитет 15 на слот
/C2486C13482B19795117ACA37F0B695B,Fear,Страх
/AF49C7AB4303C60BD005BF96281D4383,Featherweight,Перолек
/E7D233164315CAE67D28F99F9C9A07C4,Feeding a hunger without end,Нахранване на ненаситен глад
/0DE1BF524D25FA6E77E08AA96AC79F5C,Fertilizer Vera,Тор Vera
/E53C60CA4E2A5A9FBF3218B1E071665F,Filter,Филтър
/EAF95DC746E4BF6F6FB661AE8A209D10,Filter Rarity,Филтрирай по рядкост
/399F6A9046BF3BA2CDEFE99B97DF3E6C,Filter Type,Филтрирай по тип
/4EADBFB3438FEAF64A456D9E7EAAF4B2,Final Area,Крайна зона
/66E4E6784D0DFA7A9430A1A5DBF71E8F,Find Pickaxes,Намери кирки
/8DCF8E784971FF7B458FE5BC4377FDB1,Fir Wood,Дъбов дървен материал
/4A715349402B50DEC153D8B9EE5C078D,Fire,Огън
/CE9B05CF40CF5B3216740C90D8534001,Fire Cascade,Каскада от огън
/A20F26254973F1BD080DA288EA9CC029,"Fires one more shot per burst, but each bullet deals 10% less damage.","Изстрелва още един изстрел на залп, но всеки куршум нанася 10% по-малко щети."
/EE532073409271FBCE377894ADAC66CE,Flash visual on hit,Блесна светлина при попадение
/055AF7C64E26AB45E12D338A3907B865,"For combining various simple alloys into advanced materials, at a fast speed.","За комбиниране на различни прости сплави в усъвършенствани материали, с висока скорост."
/99F100DE41CDEEA8943930A6309345A3,"For combining various simple alloys into advanced materials, at a slow speed.","За комбиниране на различни прости сплави в усъвършенствани материали, с ниска скорост."
/0D7E3825477996088F591193479ADB2F,"For smelting raw ores into refined ingots or coke production, at a fast speed.","За топене на сурови руди в рафинирани блокове или за производството на кокс, с висока скорост."
/5AF1C32C47E33160AE26B3B9AE95E9BC,"For smelting raw ores into refined ingots or coke production, at a slow speed.","За топене на сурови руди в рафинирани блокове или за производството на кокс, с ниска скорост."
/CC539ECC42BE3CA235F3BB8623812B6D,Forced by your own choice,Принуден от собствения си избор
/3FDCDD8243882E277F625B89AB8A209A,Forest Luck,Горска късметлийка
/1E78500D4665DCE0F63037ADFB39A94A,Forest Unlocks:,Отключвания в гората:
/507BFCF44590176CD459E6BCF97750EA,Fuel Bonus,Бонус гориво
/BF7A687849F9E1542030398F9EC4A97E,Fuel Shortage,Недостиг на гориво
/0A088F584FC5EE8CCD95568C5A5D6B48,Fuel:,Гориво:
/6615CBD34EE393A53E74D6B38D164A39,Fullscreen,Пълен екран
/D6103E354B3D60B02F89078942CEE9A1,Gain 1 Credit per level for every 10 Fuel collected above the round goal.,Печелиш 1 кредит на ниво за всяко събрано гориво над целта на рунда.
/9798DB8844D76388EA3CED8F0C790B06,Gain 20 energy whenever you collect ore,"Получаваш 20 енергия всеки път, когато събереш руда"
/F2E03EF04B25E041805081B6FF4F187B,Gain 4% more damage per level for every 10 Credits left unspent when you leave the shop.,"Печелиш допълнителни 4% щети на ниво за всеки неразходен кредит, когато излизаш от магазина."
/EBE504894446CF97B2895ABCD01F28DC,Gambler Upgrade,Надстройка комарджия
/3A73D98B48FB87B156C50A9F0604A97A,Gameplay,Игрови процес
/F79CFB304F34F0D2321B2E8B43BBA581,Gather Wood Dust from trees to advance,"Събирай дървесна прах от дърветата, за да напредваш."
/01257E664C737DB44A5656B3251F150D,Gather {Value} more Wood Dust,Събери още {Value} дървесна прах
/1D5E0FB049F72E509E0C59A3A989876E,Gather {Value} more fuel,Събери още {Value} гориво
/386263AF40FCA3E434A3D0A6F0034C36,"Gather, craft, automate... like muscle memory","Събирай, изработвай и автоматизирай... като втора природа."
/D26EE37A4B4CEA5A5861818A6F444A32,Gauntlet,Ръкавица
/3544C4574B3C243D79509D8F718D3BA2,General Multiplier,Общ множител
/0170463D407250E3DF28379DA47DE30D,Geothermal Power Unit,Геотермална единица за енергия
/111147FA4FCBFBB62018F1898F0844CD,Get enough fuel to advance,"Събери достатъчно гориво, за да напреднеш."
/A44368B142DFB795FAD7E2A727ED91CC,Glass,Стъкло
/36D836694A923F0CC3B2CBA3216658BC,Glass Cannon,Стъклен топ
/EBD38A7048A09736486E04B31C56F714,Go Back,Върни се назад
/3D43735346994B2D548A118FE71FD26C,Gold stored: {GoldAmount},Съхранено злато: {GoldAmount}
/DADF25154BF65967743BD3B31F3A8D80,Golden Chain,Златна верига
/74CC08044E2BCF4643D5E4BA88658702,Golden Orchid,Златен орхидей
/0F7577FB4CE7007AD9194F8A4140B98A,Golden Watering Can,Златна лейка
/FB16DA1841A879D72833A59DA7C2535D,Growth time increases by 180 seconds for each buff received.,Времето за растеж се увеличава с 180 секунди за всяко получено подсилване.
/8476A8F5428FBB285F8949905ACABC95,Harvest enough plants to advance,"Събери достатъчно растения, за да напреднеш"
/88787F9241E259E0A2DB7CA8BA7B04A4,"Harvest wood by destroying trees. To damage a tree, look at it and press [Left Mouse Button]. Press [B] to open the Building Menu.","Събирай дървесина, като унищожаваш дърветата. За да повредиш дърво, погледни към него и натисни [Left Mouse Button]. Натисни [B], за да отвориш менюто за строителство."
/4A7E9B65439F9E87A08717B761D85E39,Harvest {Value} more plants,Събери още {Value} растения
/B98EACD7406F92A30D16C0944723A9F9,Heavy Strikes,Тежки удари
/87F102D54CA6198696ECDCA5149C3EBE,"Here, the void is born...",Тук се ражда празнотата...
/B1E6180944D9C52F2E24E2A9AF60A418,High,Високо
/0F03DB3745DF4F5A2E4ACAA769AD4CFA,Hitting a resource poisons it for 10 damage per second over 3 seconds.,Ударът върху ресурс го отравя за 10 щети в секунда през следващите 3 секунди.
/3CF315C14E1F4A3D4376F7B307114A64,"Hold down the jump button to activate the jetpack and fly over resources and buildings, at a fast speed.","Натисни и задръж бутона за скок, за да активираш джетпака и да летиш бързо над ресурсите и сградите."
/A0742F6C4BAB5E0264FB328726600AFF,I created this place. You had no say,Аз създадох това място. Ти нямаш думата тук.
/FB170AD64F3F06CE78BE06A7564CA737,I feel the thinness... the grain of tired hands,Чувствам тънкостта... зърното на уморените ръце.
/7B1FA1744BD8B35EE5E5BCA258B371B2,I keep building reasons from tools,Аз продължавам да изграждам причини от инструменти.
/ADB983364A1588F5C90344A2B697FF9F,I know... a cruel question,Знам... жесток въпрос.
/F49DBCE6424078A1B78C83A49C81B3CF,I wasn't meant to stay this long,Не трябваше да оставам толкова дълго тук.
/5B2C84304589C73C1B97439F146D3730,Ice,Лед
/0B2B00604753C3B5ABB12FABB29E2ED6,Idle data generates 25% faster.,Пасивните данни се генерират с 25% по-бързо.
/4BEFD59B47FB2F5A392738956CDA31DC,In Inventory:,В инвентара:
/6F2B05B745BBCE20A874D5866685EBB8,Increase,Увеличи
/CE72AD834EE7E7D792532F9A58604274,Increase Axe Damage 1,Увеличаване на щетата от брадва 1
/CE05AE5540DBD98E18EFBFA10FBADD90,Increase Axe Damage 2,Увеличаване на щетата от брадва 2
/9FA8C25D48A3E80AA3F34F9B9797E895,Increase Base Value,Увеличи основната стойност
/5C41A58B40496B452F2CF48FA477778F,Increase Bit & Hogg Damage 1,Увеличаване на щетата от Bit & Hogg 1
/E87ABBC84F255816CBAD4B984F64B732,Increase Bit & Hogg Damage 2,Увеличаване на щетата от Bit & Hogg 2
/5D53EEE644862955D7C4788430F989EE,Increase Bit & Hogg Radius,Увеличи радиуса на Bit & Hogg
/A52769E941F3C32BC3BB779856F25E16,Increase Multiplier,Увеличаване на множителя
/9659F73D4EE02A1B2FC2CF9DD0B47C5B,Increase Resource Gain,Увеличи добива на ресурси
/337FEA2145810B5A51827AA7D9B29F07,Increase Rune Rarity,Увеличаване рядкостта на руните
/50D3505946392AB9C85E7EA77080505F,Increase Sprint Speed,Увеличаване на скоростта при спринт
/F5B0855545C303AD27C4E8AD23B3DDEC,Increased Speed,Повишена скорост
/08C84DAC419EC5716ACF43B29CD93EAE,Increases all Data from runs and idling by 10% per level. Can be bought infinitely.,Увеличава всички данни от турове и бездействие с 10% на ниво. Може да се купува неограничено.
/E3A8F09A4FB6EF60BE2A0AB6E2E621AD,Increases both ore and mineral multipliers by {RuneStrength},Увеличава множителите за руда и минерали с {RuneStrength}
/6B2203C84AD9842D849991AD4C725EBF,Increases critical hit chance with tools by 30%,Увеличава шанса за критичен удар с инструменти с 30%
/1C086EEA4510A209ED5065A1034623A4,Increases damage by 50% but lowers movement speed by 10%.,"Увеличава щетите с 50%, но намалява скоростта на движение с 10%."
/8B19D0F5463CE672C08C568A8391A8E8,Increases explosion damage by 10% of the destroyed resource's health.,Увеличава щетите от експлозията с 10% от здравето на унищожения ресурс.
/E1436B794F82B2653218DB96E13903AB,Increases max energy by {RuneStrength},Увеличава максималната енергия с {RuneStrength}
/7C41A3A4440FB0A89E3D4D805E476779,Increases the base multiplier of all plants by 1.,Увеличава основния множител на всички растения с 1.
/6D700F00456661CAD3013F84761F35F2,Increases the chance for higher tier resources to spawn.,Увеличава шанса за появата на ресурси от по-висок ранг.
/81B634E14F3B02FED73687A6D3DF6879,Increases the chance for stone to spawn over trees.,Увеличава шанса за появата на камъни вместо дървета.
/80A88E9A4C2DD522C911BEA661884D31,Increases the chance for trees to spawn over stone.,Увеличава шанса за появата на дървета вместо камъни.
/65CE6D6342DAE53EAA2642BC489BC75F,Increases the chance of finding higher-quality runes,Увеличава шанса за откриване на руни с по-високо качество
/732C3B79492297E1874B96AA3D34754D,Increases the chance of getting a rare buff from chests by {RuneStrength}%,Увеличава шанса да получиш рядък бонус от сандъци с {RuneStrength}%.
/8AE38A4D4568977504334BB70AC5017D,Increases the damage you deal to all resources by 15%.,"Увеличава щетите, които нанасяш върху всички ресурси с 15%."
/E059CDD14F90C28E5C91A28F5A78AFD6,Increases the energy gained from collecting ores by {RuneStrength},"Увеличава енергията, която получаваш от събирането на руди с {RuneStrength}"
/2DE4085A44897EA67344A688AC53CDCE,"Increases the lucky drop multiplier by 1x per level, up to 5x.","Увеличава множителя за щастливи изпадания с 1x на ниво, до максимум 5x."
/18B08370465FF7C13775B2AB07FA5204,Increases the max amount you can receive of any resource by +2,Увеличава максималното количество от всеки ресурс с +2
/3893B90C43C8391A0BC02CA7CBD82F5B,Increases the mineral multiplier by 1,Увеличава множителя за минерали с 1.
/6D8195DC465D51814C28C78095537C98,Increases the mineral multiplier by {RuneStrength},Увеличава множителя за минерали с {RuneStrength}.
/94EC70A9477A47665D9C548B1CF3C3FE,Increases the ore multiplier by 1,Увеличава множителя на рудата с 1
/230F4A9F4C8AE6CC64F079949C5822F9,Increases the ore multiplier by {RuneStrength},Увеличава множителя на рудата с {RuneStrength}
/B60282BA40794B06DD0515865C4EF1F4,Increases the rarity cap for newly found runes by {RuneStrength},Увеличава максималната рядкост на новооткритите руни с {RuneStrength}
/A0981E9442562E701599FB99CD96D44B,"Increases the spawn rate of ores, minerals, buffs, and runes by 10%","Увеличава честотата на поява на руди, минерали, бонуси и руни с 10%"
/464D9D5C42EE1942532BA99B41AE5314,Increases the speed of farmers and assemblers within the data center's radius by 50%. Multiple data centers do not stack this effect.,Увеличава скоростта на фермерите и сглобяващите машини в радиуса на центъра за данни с 50%. Ефектът не се натрупва при няколко центъра за данни.
/116EE8AA4C4BD6239180988314E92DC6,Increases the speed of farmers and assemblers within the solar panel's radius by 25%. Multiple solar panels do not stack this effect.,Увеличава скоростта на фермерите и сглобяващите машини в радиуса на соларния панел с 25%. Ефектът не се натрупва при няколко соларни панела.
/1D69A49E453156EDBDE9F28CC38EC3F7,Increases your container size by 10% per level. Can be bought infinitely.,Увеличава размера на инвентара с 10% на ниво. Може да се купува неограничен брой пъти.
/9E44F16447DB62B1B9A7EDB2CD2F26BC,Increases your dig radius by {RuneStrength} meters.,Увеличава радиуса на копаене с {RuneStrength} метра.
/BEE556154353AF9F544238A879522BD4,Increases your movement speed by 12%.,Увеличава скоростта на движение с 12%.
/6587433C4E27EC43E9C1B9BF91EBD686,Increases your movement speed by 5% per level.,Увеличава скоростта ти на движение с 5% на ниво.
/8D0CE0D74BD2EE75ADD40A9C7ADC3821,Increases your movement speed by 5% per level. Can be bought infinitely and toggled off.,Увеличава скоростта ти на движение с 5% на ниво. Може да се купува неограничен брой пъти и да се изключва.
/51C65C0E491250BEBA3B63B6E248C2A9,Industrial Computing Unit,Индустриален компютърен модул
/902F46084F8454071EBBEB80DBBF388E,Infinite Capacity,Безкраен капацитет
/68B8F98E46C4B16FF4DDB790677F8628,Infinite Data,Безкрайни данни
/82033EB74D387CFD9ACE62A6F5C5B6D7,Infinite Speed,Безкрайна скорост
/114E015749D839AADD6C7CA349D05070,Infinity Mode,Режим на безкрайност
/69AB215C4CD24433C7A02C81817EA998,Info,Информация
/6A20A44847006D9C356694BD38A1D5AA,"Instead of collecting each building manually, you can use a collector to collect all harvesters and assemblers within a radius at once.","Вместо да събираш всяка сграда ръчно, можеш да използваш събирател, за да събереш едновременно всички автоматични събирачи и асемблери в радиус."
/6AB5032F4355871A28E4988234FEC3C1,Interact,Взаимодействай
/7E53DDD74C38C6A3562F4C86816C2DD3,Interact to buy upgrade,"Взаимодействайте, за да закупите надграждане."
/413E83954D2829E7B1082E85858F655E,Interact to disable Checkpoints,Интеракция за деактивиране на контролни точки
/6816330E40CF538593DB638EA3F55B22,Interact to disable Infinite Speed Upgrades,Интеракция за деактивиране на безкрайни надстройки на скоростта
/61D8E634486185D60E350D8ED0DA0979,Interact to enable Checkpoints,Интеракция за активиране на контролни точки
/54B15DAC47A18D83F240F9976F13BD7B,Interact to enable Infinite Speed Upgrades,Интеракция за активиране на безкрайни надстройки на скоростта
/34A7A36844127FB76FAA0DA22E4523F2,Interact to go back to the beginning of the course,Интеракция за връщане в началото на курса
/A35F8D3D42369385D69252838A142D6D,Interact to pet,Интеракция за галене
/041B98614FA620F290B7E6A159141C0A,Introvert Upgrade,Надстройка на интроверт
/096230CD4F5AFA226B0C9FAF86503C14,Invert Mouse X,Обърни мишката по X ос
/EE3D97A549ACF161ACCF4EA325B5EFFB,Invert Mouse Y,Обърни мишката по Y ос
/04D6887246DA40CA8E311FA95EAD3879,Iron Dust,Желязна прах
/B60EE0E744FA22EE5580D699407B7BB5,Iron Gear,Желязна предавка
/1CAAB15240912E7FAF224FBE9CC163D6,Iron Ingot,Железен слитък
/2AAF5F824C0AEA3D005CBAA55E71F67F,Is this truly your desire?,Това наистина ли е твоето желание?
/23BB33314D48375665B394BEC77E942F,It led to a world like ours...,То доведе до свят като нашия...
/522F3DC641FF405A2C6F0C9988093942,It's time to move on,Време е да продължим
/10562D024C7962AE07A0FDA62DB7DF8A,Item Drops,Падащи предмети
/C0792A0143F4C02C55C3B9A8E1D8EE04,Items required,Необходими предмети
/67C8C1A244FDF90F2719A59ACDFD0F7E,Jump,Скок
/7787DF4142A37AB0A59A9884FB64C5B4,Key of Automation,Ключ на автоматизацията
/F3EC1EF645A0439AC513128637FDA152,Key of Memories,Ключ на спомените
/74D879904EA3F8BA4262DC8336B47F2A,Language,Език
/ED5FAA40412727BBD4066DBA7D5C4590,Leave,Напусни
/D8AA9467481A8A9C3F608BB6C8B3EE4F,Leave Minigame,Излез от минииграта
/94F0D6174DA14BED43A553BD11F3A0CE,Leave Run,Напусни хода
/085CE9884313DC20FF5E3C83F4191A7B,Leave area?,Да напуснеш зоната?
/21A9EDBA4D92F4050054C9A050265491,Leave?,Напусни ли?
/44B28BA74BFEBEC6DF908FAB7FE6B68E,Let us go,Да тръгваме
/9CC6A4F148C9E0B7D219E3B86F673984,Level: {PermaLevel},Ниво: {PermaLevel}
/D6FA5D4C40EA2854FE08C0A8AAE5B8CC,Light Feet,Леки стъпки
/AA812B544F8160A0C98FB792F73B1108,Lighthouse,Фар
/6265F6F146A3565E07C308B0A7163062,Lighthouse Altar,Олтар на фара
/3B6F3A9E4103DA55782B2C8D1CB4E3B4,Lightning,Светкавица
/A240BE924CBC076C0F3AF5A5D9D175B7,Lilia of Memories,Лилия на спомените
/8CA69BF347F26424566E2195A6C4DAE9,Linking Chest,Свързващ сандък
/FFC5AAA94EC16B74448127A663DDCB77,Living Chest,Жив сандък
/CD1869034127775EE528D7938E877B75,Living Machine Unit,Жив машинен модул
/2123A1104B08EE22202E0FB53628CFB6,Living Pipe,Жива тръба
/E4D077434D7EDC70E0BBE4A20510E2DF,Living Wood,Живо дърво
/A7EFB723493954DD3187268265278D11,Long Reach,Дълъг обсег
/0E1979DE4A2DFEEFA4F03BA3089D91DC,Loop,Цикъл
/09CBE606E2E17E75FF87BB0AE2E17E75,Loot Box Unlock,Отключване на кутия с плячка
/DF88542C454572EA33F8CFABDB4EEECB,Low,Ниско
/5D0DD3D84D37388C72C6D8A0CE2D8C72,Lucky,Щастливец
/624122BB4DD8F0AB3011F49C3BEECBD8,Lumina Chest,Сандък на Лумина
/98A94184463A15275654CA87FC5242F1,Lumina Core,Ядрото на Лумина
/C46AFE564B605212FA3BC09176A8D18C,Lumina Dust,Прах от Лумина
/92E9C01044AB7F3D10E46C9537F567E9,Lumina Ingot,Слитък на Лумина
/D07687BE4F522B727B0D648665B64ADE,Lumina Ore,Руда от Лумина
/4F6167964BC8AC1671976BB3105B3FAF,Machine Information,Информация за машината
/4032288B4839CE5ED97CE0B1BC3C4717,Manifest,Манифест
/D343F189435DE276D039DEBE7092FB63,Manifester,Манифестатор
/8849168747D2AA6ED6A4AD8F3365A30C,Manually destroying resources now gives double items,Ръчното унищожаване на ресурси сега дава двойно повече предмети
/AE7F0DC14744ABB168A27C95C07840A7,Max Dig Radius,Максимален радиус за копаене
/DF4F9BA04DB4B0EC98D8D599D864167C,Max Energy,Максимална енергия
/D4089231474B1B6BBC2545A23806DDD3,Max FPS,Максимални FPS
/A7763FDB4C6CC986BEB94AB4C6C197D3,Max Resources,Максимален брой ресурси
/6D1DFE4F4E461F84FF64378E5F59E65B,Max Spawns,Максимални повиквания
/B08222A047C10CCE392E05B46E44E9A3,Max Time 1,Максимум време 1
/559E4F854F6FEE17994F52A12AD1FE94,Max Time 2,Максимум време 2
/60EF639644217E4F4C107AA465FFBFCC,Max Time 3,Максимално време 3
/E39DA7E44318BD5688CF62B2177FE9F7,Maximize efficiency by building small factories near minigame locations. Machines remain active while you explore.,"Оптимизирай ефективността, като строиш малки фабрики близо до локациите на мини-игри. Машините остават активни, докато изследваш."
/6359931142BE0033067C49B0D1307C8C,Maximum Level,Максимално ниво
/9D9999654DBC794D9DEE4AA413AC93A3,Medium,Средно
/52562A2B4588FC07E2FA1CBBEC93FD04,Melee Crit,Критичен удар от близко разстояние
/77991DA642459B0F4ADC81A5D6894488,Melee Crit Chance,Шанс за критичен удар от близко разстояние
/99063756441E7A30A343D2A6E834B11F,Melody Missing,Липсва мелодия
/753E1C7645C20E17F8391D8DD6770B2A,Memories,Спомени
/9D0D4942432AF6386AC83FAE41E0BAED,Memory Chest,Сандък със спомени
/A0F157054493CA79C24087839F55B483,Memory Circuit,Електрическа верига на паметта
/E8B0E7724E8ECC35A7DBACAA4DFF9AC4,Memory Shrine,Олтар на спомените
/D7735CF54DD0B7603BCD83A7E583C5F4,Milestone Item,Предмет на етап
/430DE88E413C6521F46394AB6AC83E06,Milestone Item Unlocks,Отключвания за предметите на етапи
/D32EA161451FD47BD20DFC88F0790BB7,Milestone Items,Предмети на етапи
/DD5EE5E34BF846201ABABBBE850DE917,Milestone: ,Етап: 
/3EC45167411044F87497278B5AE476CA,Milestones,Етапи
/CC1F82BB4CB8F2D4A3904384BC5FDA8F,Mineral Multiplier,Умножител на минерали
/9484B0AA41B2E5E94C9B509F12912D24,Minigame Ability 1,Способност 1 за мини-играта
/C2E248924F781DE348D37AB75F56445F,Minigame Ability 2,Способност 2 за мини-играта
/66E0C84A46D68007BCBA59A173A3FEC6,Minigame Item,Предмет на мини-играта
/AC850AD04564CE933D5459B16B292835,Modern Assembler,Модерен асемблер
/0FEBCB21406770A8D72E939A05B36747,Modern Chest,Модерна сандъка
/1D4E874A4321B26A988B31B9945809FD,Modern Collector,Модерен събирател
/EFE5C5EC49272289BD9291A164EA5532,Modern Drill,Модерна бормашина
/6923C1F14D79B2434056ACB63A4BA49D,Modern Fabric,Събирач на модерни предмети
/55DC7C6547A5A77453D2E8A39902D03B,Modern Gearbox,Модерна кутия за предавки
/20B352614C77AC8AC273DCB0A7993EFE,Modern Jetpack,Събирач на модерни предмети
/A010AD614B8C70C3678AF6B7733CC16C,Modern Metal Smeltery,Модерна пещ за топене на метал
/59930DAB47AD3811CDCFA7A3729CD949,Modern Pipe,Събирач на модерни предмети
/232CD29A4995C0C455558FA3E5A12AD6,Modern Plant Farmer,Модерна растителна ферма
/84D69E694BA25997E721E492988168EC,Modern Press,Събирач на модерни предмети
/433089CA4A417CBB23D4CDA58AF4948A,Modern Rock Crusher,Модерна каменотрошачка
/D701E211458E37CE6E97BEA27E120603,Modern Toolbelt,Модерна кожена престилка
/D82D29FB42FA691BD75DCEAFEC14748F,Modern Wood Cutter,Модерен дървосекач
/53A90B214BD76091B90BA38C95DF3CD2,Momentum,Инерция
/61DEEFE04399F6526602548BE40632EE,Moon Flower,Лунно цвете
/955B9D3F458A38CFD409D2A1D7CFF28F,More,Повече
/61BD1F4B4FF33CFA35D3918A7826AAF0,Mountain Unlocks:,Планински отключвания:
/A86B281746740404EAF022BB2F535723,Mouse Sensitivity,Чувствителност на мишката
/015BAC9A4563D5C3931050A4FCBB6DCC,Move Backward,Движи се назад
/E7E2B2244A5D96CE65C6DD8C1F1591E6,Move Forward,Движи се напред
/C608648844C8A02AE90F05B36A4CEAD3,Move Left,Премести се наляво
/BEEEFB68440C8F54D8B0538EA5DDBDF0,Move Right,Премести се надясно
/AE7DE6FC4A7323485D6E36B639C25055,Movement Speed,Скорост на движение
/C2167A8A459E81AB2C7AA6994305D67E,Moving on,Продължи да се движиш
/C9CF84ED480A560E500EFDA6FE8AC29B,Multi Shroom,Мулти гъба
/55987FBC4BB447201C26D0A929A8AC5A,Mushroom,Гъба
/4628343E419AAFAB4313C3A1308960DF,Music Volume,Сила на звука за музиката
/FD2428A44A1E121244BDCABC0218C026,Nature Blessing,Благословия от природата
/A67E4B6D49BBB8E420FB8ABC416DF2B4,New High Score,Нов висок резултат
/314BABBF44BCDB2A277335A56C958852,"New biomes include new resources, new puzzles, and new mini-games!","Новите биоми включват нови ресурси, нови пъзели и нови мини-игри!"
/088869D044A4DD93DAA13791A19D03B2,"New recipes, new reach... thinner seams","Нови рецепти, нов обхват… по-тънки шевове"
/151D39AB42811BE9DAE55EBD05D3C4FA,Nightsky Trinket,Амулет на нощното небе
/F17B584F472D3568344D0B95B33EAA23,Nightwater,Найтуотър
/AD074DC444E51C7B7E7B19AAC7F3EAF5,"Nightwater, like the others...","Найтуотър, като останалите..."
/4A72773642EF5F9F9903DEA841D1FC0D,Nightwater... a decision you made,Найтуотър... твой избор
/4E0EE48C4B4EB7888A55C8BF65771A07,No effect on other plants.,Няма ефект върху другите растения.
/C63AD03145B59F3D4D5F26AF7BEE16E0,No reason to return...,Няма причина за връщане…
/6D9164A14FD7F729B0253288797A9A41,Normal Pickaxe,Обикновен кирка
/1F04884D493E377EDD7949837B2B124B,"Nothing but a lie, born of fear","Нищо освен лъжа, родена от страх"
/5D1764E34406F8409288209E9BF70307,Nothing is eternal... nothing should be,Нищо не е вечно... нищо не трябва да бъде
/C1BF96004A25B887399CAA98812C780F,Nothing left...,Нищо не остана...
/ABCD759A411E2EFE9572A594C07C9EB5,Nothing more,Няма повече.
/9AEF484641D88F50BF92C8ADC3578778,Oasis,Оазис
/F04D7D6A4CBDCD2079B36D8D2DD5B671,Oasis plants grow 25% faster.,Растенията в Оазиса растат с 25% по-бързо.
/A13090D14DE70F96CB795DB0442B7D3C,"One-time unlock. Resources destroyed by your explosions explode in turn, chaining across the field.","Еднократно отключване. Ресурсите, унищожени от твоите експлозии, също се взривяват и предизвикват верижна реакция по полето."
/E6728AB940903211468EAA8E16942A53,"One-time unlock. When a poisoned resource dies, the poison spreads to nearby resources once.","Еднократно отключване. Когато отровен ресурс бъде унищожен, отровата се пренася веднъж към близките ресурси."
/8E5AAFA840E447A3497B2ABCD42BEAB5,Ore Multiplier,Множител на рудата
/0045E6A74BCEE5BD4871ADA86FA383EA,Ore and Mineral Multiplier Rune,Рун за множител на руда и минерали
/A30BC8AD409AB011E20B1BB8FEC2645C,Other,Други
/96E7EB3841DAE184BE57268824A3370D,Outlines enabled,Контурите са активирани.
/F1FA6E504CFC59E1F866A9BD68C32161,Overall Volume,Общ обем
/0577381E45B51CC594C69C90FD92E56F,Overflow,Препълване
/2C7491154405C9006E4FC88D98E9F1D3,Overtime,Извънреден труд
/95BF766047BEA611AF3F89A6C36EF88C,PIPE TOO LONG,ТЪЙ ЧЕ ТРЪБАТА Е ПРЕКАЛЕНО ДЪЛГА
/2F0A04EC483D137D7D3CF0ACBB5EE46D,Palm Wood,Дърво от палма
/5390E76743732B6935F7598361A1F637,Paper,Хартия
/ED5846AC458FB596015DAA98E8D28F31,Pause,Пауза
/07A5721D4FB70B5F2211D7A124469A5A,Paused,В пауза
/0B10F3FB4DB3BC33192EDEBF47FAF6FE,Pay,Плати
/A88A9F7E43BEE69609AE81B3ABE3CEAB,Pay {GoldAmount} gold to clear the debris and unlock this area.,"Платете {GoldAmount} злато, за да разчистите отломките и отключите тази зона."
/B050756B4A4FA7B7104403AA38570638,Payday,Заплата
/1A9881ED4EEE8E136696E89A504D7174,Payday Credits,Кредити за заплати
/B9203FE0431175747B81FEB62502D754,Permafrost Unit,Единица Пермафрост
/60BE02ED46A677DEE24FEDAFB5AE98DE,Permanently activates all blue platforms.,Трайно активира всички сини платформи.
/63CAC14C4B953221BABD97874B91DBB6,Permanently activates all red platforms.,Трайно активира всички червени платформи.
/45A912CE49FB33C6F1D5329F5D5F99D8,Permanently decreases Bit & Hogg Ability cooldown by 10%,Трайно намалява времето за охлаждане на способността Bit & Hogg с 10%
/49945FD9485F752613384090E7F2EC01,Permanently decreases the Berserk Ability cooldown by 10%,Трайно намалява времето за охлаждане на способността Berserk с 10%
/2043EEFB43F86A648629458931C6477A,Permanently increases Axe Skill damage per hit by +10,Трайно увеличава щетите от умението Axe Skill за всеки удар с +10
/819E63F94D6158538F1340B51F39C1AC,Permanently increases Axe Skill damage per hit by +50,Трайно увеличава щетите от умението Axe Skill за всеки удар с +50
/7F4FD7D1411B88F55DE7A0920872EB0A,Permanently increases Berserk Skill base duration by +1 second,Трайно увеличава основната продължителност на способността Berserk със 1 секунда
/30BC19364974B831F6BD9381FACDEF30,Permanently increases Berserk Skill damage boost by +10%,Постоянно увеличава бонуса към щетите на умението Berserk с +10%
/18A580254C57A0C60EF94082700FED07,Permanently increases Berserk Skill resource gain by +10%,Постоянно увеличава придобиването на ресурси от умението Berserk с +10%
/1D1C94E34F84F7E69BDA029AE5BEAA9B,Permanently increases Berserk Skill speed boost by +10%,Постоянно увеличава бонуса за скорост на умението Berserk с +10%
/430E0AA84B180AB8BFFC9B80FC6E3A43,Permanently increases Bit & Hogg Skill damage by +100,Постоянно увеличава щетите на умението Bit & Hogg с +100
/9E47B10449DE09A91CC3E899EF26E9A6,Permanently increases Bit & Hogg Skill damage by +50,Постоянно увеличава щетите на умението Bit & Hogg с +50
/DBED7D9B4079BCD48676B4B4DA4E162E,Permanently increases both ore and mineral multipliers by 1,Постоянно увеличава множителите за руда и минерали с 1
/46FFA7E14F78E940353E93B11D02D71F,Permanently increases max energy by 50,Постоянно увеличава максималната енергия с 50
/404179D549FC684E2D354592F7ADB85E,Permanently increases movement speed while sprinting by +15%,Постоянно увеличава скоростта на движение при спринт със +15%
/E330BBF6485467523DA42D9FE9B02C73,Permanently increases the Area-of-Effect passive’s base damage by +10%,Постоянно увеличава основната щета от пасивния Ефект на подручжието с +10%
/0C1CEA0D40826D8FFEDDF18C722F7E5A,Permanently increases the Area-of-Effect passive’s radius by +5 meters,Постоянно увеличава радиуса на пасивния Ефект на поддручието с 5 метра
/4BBBC6504366D8B8703601ADFE71911D,Permanently increases the Bit & Hogg Skill radius by +50%,Постоянно увеличава радиуса на умението Bit & Hogg с +50%
/3F6C8D36482A78D9AA5F1F826F996DBE,"Permanently increases the Heart of the Elder drop rate by +100%. Above 100%, the Elder Tree can drop more than one.","Постоянно увеличава шанса за изпускане на Heart of the Elder с +100%. Над 100%, Prastablo може да пусне повече от един."
/31E07BD9413A96FB83FF41A8F3E278D7,Permanently increases the Poison passive’s base damage by +20 per second,Постоянно увеличава основната щета на пасивния ефект Отрова с +20 за секунда
/16423D5E4F114512B5C49C831FBED77C,Permanently increases the Poison passive’s base duration by +1 second,Постоянно увеличава базовата продължителност на пасивната отрова с +1 секунда
/A0ECB61942C72C95418610848132709D,Permanently increases the Weakness Aura ability’s base radius by +5 meters,Постоянно увеличава базовия радиус на аурата на слабостта с +5 метра
/A9F167BD4D135641F570E0B1689FFF7B,"Permanently increases the Weakness passive’s strength by +10%, trees will take +10% more damage",Постоянно увеличава силата на пасивната слабост с +10%; дърветата ще получават +10% повече щети
/4856B859483788733618DD9B341496A7,Permanently increases the amount of time you have while exploring the Dark Thicket by +5 seconds,Постоянно увеличава времето за изследване на Тъмната гъсталака с +5 секунди
/6712E83A49373B76388F389EC09BF3F9,Permanently increases the amount of time you have while exploring the Dark Thicket by +5 seconds,Постоянно увеличава времето за изследване на Тъмната гъсталака с +5 секунди
/832539514DDE7F8ACCA37C9E022ED61D,Permanently increases the amount of time you have while exploring the Dark Thicket by +5 seconds,Постоянно увеличава времето за изследване на Тъмната гъсталака с +5 секунди
/2E05E309449CCAE491B8F79E92B67E2B,Permanently increases the base speed of any plant farming building by +10%,Постоянно увеличава базовата скорост на всяка сграда за отглеждане на растения с +10%
/864CCF01416252C1130FF495DF272EB4,Permanently increases the base speed of any rock crusher building by +10%,Постоянно увеличава основната скорост на всички каменотрошачки с +10%
/3066C0904F9827E601C3BDA0565EC603,Permanently increases the base speed of any wood cutter building by +10%,Постоянно увеличава основната скорост на всички дървосекачни сгради с +10%
/0EBD647E4C8069E527259AB2B9886E07,Permanently increases the total amount of any resources you can receive in the Dark Thicket by +25%,"Постоянно увеличава общото количество на всички ресурси, които можете да получите в Тъмната гъсталака с +25%"
/552C6C1D42E004E404377DBE5B6C27DB,Permanently increases the working speed of all pipes by +10%.,Постоянно увеличава работната скорост на всички тръби с +10%. 
/A1673C4A4FCB5220D31D1A9F9A9B80A0,Permanently increases your dig radius by +0.3 meters.,"Постоянно увеличава радиуса ти за копаене с +0,3 метра."
/1B0771B04278CF0E0BC998B08049C6C3,Permanently increases your maximum dig radius by +0.2 meters.,Постоянно увеличава максималния ви радиус за копаене с +0.2 метра.
/035307EA37430E49D65D5709632DA0D0,Permanently reduces the time between axe swings by 10%,Постоянно намалява времето между ударите на брадвата с 10%
/5B8787054672FCC06D10CE878E94700F,Pickaxe,Кирка
/2A97C9AC41EF645C59339B933E78D590,Pickaxe Puzzle,Пъзел с кирки
/68EFCFE54A8EE7D21DB56EB4F96E9860,Pineapple,Ананас
/EE78BD3E47BBA6986B05C98B9D4786D4,Pinned,Закачено
/F1F8AA9241B8719A612D7EAC943043B7,Pipe Extender,Удължител за тръба
/EC7FB3FF40BB36DD74492C8859EF429A,Pipe Infrastructure,Тръбна инфраструктура
/56FE88ED4C1988CFA459389AA9560BC0,Pipe Merger,Свързващ елемент за тръба
/BFEBB0DD4AFBB22896A4EAA1D1AB97A3,Pipe Splitter,Разклонител за тръби
/308059BD4C88765B2117DD9DF2E5FD62,Pipe length:,Дължина на тръбата:
/9518C43A48C06CEDFBDABE9A8F5EF54E,Plank,Гредичка
/95052132408381D20778FD9E7B700B53,Plant Farmer Speed,Скорост на растителната ферма
/A5B5BF044D948F5A486DD78E2D36D4CB,Plant Fortune,Късмет с растенията
/DA8E2E854C4614457991FB9A6E77F230,Plant Luck,Щастие на растението
/AA9796A544D4A5BB1A2F46B33E49595E,Plants Harvested Amount,Количество събрани растения
/4FC0DD3946F3E5A3AE0B17880E93FCC1,Plants Harvested: {PlantAmount},Събрани растения: {PlantAmount}
/D64D19BB4EBF849CF74429A21E041CE3,Plants without buffs are worth 10x more gold.,Растенията без бонуси струват 10 пъти повече злато.
/9DC0EE4F4987AAA73D5288AAF1C389E0,Poison,Отрова
/F87D3A6941B7DF54C6943CAF81EFD49B,Poison Ability,Способност Отрова
/751B5DEF4AAC55A88286FC8152740B5B,Poison Damage: {PoisonDamageAmount},Щети от отрова: {PoisonDamageAmount}
/0F5A330C41A4A48ABB1EF4843A5F2586,Poison Duration: {PoisonDuration},Продължителност на отровата: {PoisonDuration}
/258B21C44F42E0D67FE77892A777A258,Poison Transfer,Прехвърляне на отрова
/8C0A6E364A5BD82E9CED2988A245B104,Post-Process Quality,Качество след обработка
/D592D6824E66A96B3E3946A504EE8307,Press any key to continue,"Натисни произволен клавиш, за да продължиш."
/9735D3DD4DBB6FFC88FA238A628A23EA,Press {CancelKey} to exit | {BuildKey} to change Building | {RotateKey} to rotate | {ShiftKey} to build multiple,Натисни {CancelKey} за изход | {BuildKey} за смяна на сградата | {RotateKey} за завъртане | {ShiftKey} за строеж на няколко сгради
/A466287C48C17AFB0DC3BFAB2FECCF41,Press {DeconstructButton} to exit,Натисни {DeconstructButton} за изход
/CEA4BD714401B3A5D6E7CC934D20905D,Press {InteractKey} to interact,Натисни {InteractKey} за взаимодействие
/07359DC34D50EEB636620EBA6A551CFB,Press {PinnedKey} to remove pinned items,"Натисни {PinnedKey}, за да премахнеш закачените предмети"
/88B493D3416FFB929FCBFA968E4E9B51,"Presses raw resources into denser, processed outputs. An advanced machine for automation at high speeds.","Превръща суровите ресурси в по-плътни, обработени продукти. Напреднала машина за автоматизация с висока скорост."
/44BF2F5B4E21B8156CFAC18D7E76A21C,Primary Only Upgrade,Надграждане само на основните ресурси
/078EEDD14BA328B4D73AEA8964F39881,Primitive Assembler,Примитивен асемблер
/569F66F349E0F1E52643BE83A4B8CFC6,Primitive Chest,Примитивна каса
/0FCEE3C8435651D8812E2E9FB64426A6,Primitive Collector,Примитивен събирател
/005AD4714774E3146CE8EEA315D30680,Primitive Gearbox,Примитивна скоростна кутия
/BFB867094C4D1EC3E02186999D5C229D,Primitive Pipe,Примитивен тръбопровод
/53CE8CDB4026B049204B0FB3624CB0FB,Primitive Plant Farmer,Примитивна растителна ферма
/5B5F204544175C4127BDC18BA19E408C,Primitive Press,Примитивна преса
/256F72964ACC724BC83B82AC90AEC4C1,Primitive Rock Crusher,Примитивна каменотрошачка
/D3E9C77649A2B205E20112AE674E65E5,Primitive Wood Cutter,Примитивен дървосекач
/96EEC5014433F3773026319FF4C920CF,Prism Roots,Корен на призмата
/65DF55D741357CC1CE5BE58A0B3DCD6B,Processed items do not count towards Milestone Progression but are essential for advanced crafting and construction.,"Обработените предмети не се броят към прогреса по преметниците, но са от съществено значение за напредналото изработване и строителство."
/7A91D4EF46A22B40F0F86096A35914CE,Progress saved,Прогресът е запазен
/95A5670446B7946B91D936B3121F438C,Progress through the Wood Dust Milestone to unlock powerful buffs and unique Buildings that can be used outside the Minigame!,"Напредвайте през преметницата на дървения прах, за да отключите мощни бонуси и уникални сгради, които могат да се използват извън мини-играта!"
/8A175821402A6788E67C8B8471F5FEF8,Prospector,Търсач на съкровища
/C47FA9C04C53D1EA4835B8932DA09F21,"Prove the worth of your work. Pay the toll to unlock the Key of Automation.
Two keys are required to enter the Lighthouse.
Two keys are required to leave Nightwater.","Докажи стойността на труда си. Плати таксата, за да отключиш Ключа на автоматизацията.
За да влезеш във Фара, са нужни два ключа.
За да напуснеш Найтуотър, са нужни два ключа."
/99A8AAF04720668F7AB3B3BCFCD16353,Published by:,Издадено от:
/E19509A34E738288DDBB32B3D45D0F66,Pure Harvest,Чиста реколта
/17711059440523B45A38D488083F714C,Quartz Dust,Кварцова прах
/E9985F0448F222E9599A21AE4262BC5E,Quartz Ore,Кварцов рудник
/DB279C6246CB1CA37843C4B84200126A,Quick Hands,Бързи ръце
/27E15F9E496AF6BCD9E2CD98BA532BAC,Quota,Квота
/475A5644450C4978F82F809044292D6B,Quota:,Квота:
/E5A52D694CDA435B2742B88B7CE48988,Radius: ,Радиус: 
/DB335954485500761044AD93A6BC36F8,Rage,Ярост
/CA74E34649CE6C3DB921B59D18D906FA,Raises the maximum number of resources that spawn by 20%.,"Увеличава максималния брой ресурси, които се появяват с 20%."
/DC341A1C4A26E57644176595D200FF18,Range,Обхват
/EC5ECF4EE2E17E75CA8299E2E2E17E75,Ranged Burst,Рафална стрелба
/101E5DAB4D8D8177545914BBB6569E64,Raw Crystal,Суров кристал
/3AC482D849414EE41E041884026F661B,Reach Clay Milestone 3 to be able to unlock this Ability,"Достигни до етап 3 на глина, за да отключиш тази способност."
/B3C2EEC04C5B65D1E3C28E91B02A134B,Reach Wheat Milestone 4 to be able to unlock this Ability,"Достигни до етап 4 на пшеницата, за да отключиш тази способност."
/97A8D96F4C5F9C8102B808A21303E831,Reach the end of the track,Стигни края на пистата
/8B888F804815BB9890BEB39AC2E5D471,Reach the lighthouse so we can part ways again,"Достигни до фара, за да се разделим отново."
/11D7669849F286659B6DF4A6994D87A9,Reach the lighthouse to find closure,Стигни до фара и намери мир
/7002FA614406FB2E7F9C3C8D3E622308,Reach the lighthouse to have your questions answered,"Достигни до фара, за да получиш отговори."
/ABC23B234CC194128A2F288056E30123,Really Destroy,Наистина унищожи
/4D1414144B15EDCCE51336BB9910AF01,Really quit?,Наистина напусни?
/D5C642364EBAB4D0F1B6F7969FECC175,Red Platforms,Червени платформи
/51E740854B7081832F87458F5B1200E9,Reduces the base grow time of all plants by 20%.,Намалява основното време за растеж на всички растения с 20%.
/A29A92344F07752F005EDAB6CFA9171E,"Reduces your attack cooldown by 8%, so you strike faster.","Намалява охлаждането на атаката ви с 8%, така че удряте по-бързо."
/16D748D640925644260CB1B60579263A,Refined Crystal,Пречистен кристал
/14BF92654AFE221A24B6C6B8DB0A87DB,Refined Quartz,Пречистена кварца
/4CB1D1B64B75E8D24D3DDD9B909DBC33,"Refines raw resources into denser, processed outputs. A basic machine for early-stage automation.","Рафинира суровите ресурси в по-плътни, обработени изходи. Основна машина за ранно автоматизиране."
/29A1DF804CC65C3F80FAE8BBD3F051EF,Regrowth,Възстановяване
/F15057A845460F650C50ACACAA5651E9,Reinforced Assembler,Усилен асемблер
/72AB59E746289CAAAE0E7490EBA2EF11,Reinforced Chest,Усилена сандъка
/8B2EC0EA4DE6192AC2D86793298B8666,Reinforced Furnace,Усилен котел
/18B9D09C4E8CB3300CE7FAA7A3B231A6,Reinforced Gearbox,Усилена скоростна кутия
/191B77AA4B26D4FDE9B430918047E9AF,Reinforced Pipe,Усилен тръбопровод
/7A16A00F41B2DB9F89606E8BED3C9AD1,Reinforced Plant Farmer,Усилена растителна ферма
/8C6DE67A4E2776A3FEA10494577CE4A4,Reinforced Rock Crusher,Усилена каменотрошачка
/8C6247F14DC8912535D5AB8D502CCAF7,Reinforced Wood Cutter,Усилена машина за рязане на дърва
/215E969E401A37D2C26CBEB45E558191,Remove Debris,Премахване на отломки
/BEE3CC3E47CA96692FF0B892C2640856,Repeatable Upgrades,Повтарящи се надстройки
/268BEB554A33E42428B5F9A34283EE9E,Reroll {CreditAmount} Credits,Превърти {CreditAmount} кредита
/6A12C557485CD073B7830FAF458ABDEE,Research Table,Изследователска маса
/8F71778B43C2E7F706E9A79A7211CB5A,Resin is dropped from white trees that grow in the East near the waterfall.,"Смола пада от белите дървета, които растат на изток близо до водопада."
/C21C737A4A203925BB376B8108304CA2,Resolution,Резолюция
/AC912103448A23FB8DEA868EB08043DF,Resource Output,Изход на ресурси
/3CB2494D442F38000B8D68ADB6E4645B,Resource gain: {ResourceGain},Придобиване на ресурс: {ResourceGain}
/15CB63E64044432B7DDC9C9CDB3F1447,Resources,Ресурси
/9FAECDCB4F3A2FBF717F6FBC5EE4E076,Resources being farmed,Събирани ресурси
/B014417B41B1159A09660C98E037BD05,Resources shatter instantly once their health drops below 10%.,"Ресурсите се разрушават веднага, щом здравето им падне под 10%."
/B596BE374ECF5CD61FB75BBAFAFFE521,Resources spawn with 15% less health.,Ресурси с 15% по-малко здраве
/6E17DFB3436901A62719749523DC421A,Resources take 25% more damage after the first hit and have a 10% chance to drop double fuel and credits.,Ресурсите получават 25% повече щети след първия удар и има 10% шанс да изпуснат двойно гориво и кредити.
/C74F58ED4D19E8014B9DFDB9F0867C4F,"Resources you destroy explode, dealing 25% of the destroyed resource's health as damage to everything within 6 meters.","Ресурсите, които унищожаваш, експлодират и нанасят 25% от здравето на разрушения ресурс като щета на всичко в радиус от 6 метра."
/466C06ED4654085B482CCE9950840C5D,Rest now...,Отдъхни сега...
/3E3353E04B885FA8214E1E996A5D4636,Return,Върни се
/8F240FF94B3D87AF7C66719D1FC723EB,Rich Veins,Богати жили
/7D8A6EE44138CA0B7EEC99A4E289597E,Ricochet,Рикошет
/8CA841A14AB09BAFE49C63BA69785ABF,Rock Crusher Speed,Скорост на каменотрошачката
/61FE94264B588FD41D436DADEB41FCA8,Rocky Ground,Камениста земя
/9A685AFF493C581A989C7E915CC36E8F,Rotate Building,Завърти сградата
/D93C54C9472BDD2BFB5CCE941E42A343,Rotate Building with:,Завърти сградата с:
/4DC164A2488630F534A56AA26C091F2E,Round Credits,Кредити за рунда
/FE6F5972401784687893FF86514EF3E9,Round {RoundNumber},Кръг {RoundNumber}
/5C0BACA44F82F093E1E8FEB531FE643D,Rules you wrote... boundaries you drew,"Правила, които написа... граници, които начерта"
/EE00E2CE4971B088A2D5E69F85F55F1E,Run Duration,Продължителност на бягането
/8A638BCC400854636111F4B8E7000CF2,Run Finished,Бягане завършено
/24E306DF4747EC85CF7F319B1ACE01BD,Rune,Руна
/5DE3F43C4A9EF0EAB2CFC1B21B36560C,START,СТАРТ
/632ECD5D4669890B9CA25A8F646388D3,Sand,Пясък
/FDB2DF6543243B3F28E2718237AA760C,Sandstone Statue,Статуя от пясъчник
/10DB189C4ABA7A3C1196DFBDE5F3EFAA,Satisfaction,Удовлетворение
/089270D84D321878249386BCC2D850DB,Save,Запази
/BBDBEC7E46477EED8B3C5B9109B48260,Save Slot 1,Запазена игра 1
/D8E69E4F4E8006A477C8E78669DC507F,Save Slot 2,Запазена игра 2
/EFF2EAF3416645CEEE0BF0A3C79C8922,Save Slot 3,Запазена игра 3
/7DCF9BC04A41F1156A3567978B7C07FC,See how the isle stretches when we demand more?,"Виждаш ли как островът се разтяга, когато искаме повече?"
/262CA1DC4FD7C500DF2A0B92BAE053EF,Select Alternative Recipe,Избери алтернативен рецепт
/404AD9B34AF218A3473907A513ADE2EF,Select Boon,Избери благословия
/4DFC51F04C6156294AA7E9AC612BAF79,Select Buff,Избери бонус
/A76F25AE4822E0FDA17412A7F15388EA,Select Building,Избери сграда
/3AB16B4B4B47FDD216C49AA2978E70E9,Select Craft,Избери занаят
/4364E9A943AE9251E841088009AE41DE,Select Equipment,Избери оборудване
/9D0F5CA4469C15066B024EBFC71916F8,Select Item to produce,Избери предмет за производство
/79DB40524668C7BDABD0AF9964113CB6,Select Land,Избери земя
/702828244D1734D9B283B6AFB7FA0554,Select Memory,Избери спомен
/F4233B3B41CC149345CB95B26246E944,Select Pickaxe,Избери кирка
/186E967246618AD3C7A9ECBB50AE6BF4,Select Plant,Избери растение
/B8B8FBDD498791682E85DE98A8687146,Select Recipe,Избери рецепта
/CC624D5B40CF973309C319A889448EC3,Select Rune,Избери руна
/E137D0CF4AEBA79B7CA9EF9077E4F749,Select Skill,Избери умение
/E0B5D4034F03901C0A177AA509B5AEB1,Select Teleporter,Избери телепортер
/EFB324EA46084AA662ECEF9D06C1D03F,Select Type to boost,Избери тип за увеличаване
/6372182B478DA182C899709F5E3D2671,Selected Building Type: {CurrentlySelectedFarmer},Избран тип сграда: {CurrentlySelectedFarmer}
/7ADD61764CBA73D0A0BC989E16D30A9A,Shadow Quality,Качество на сенките
/B7BE5EDD408980559DFD19896A1262DF,Sharpened Tools,Наострени инструменти
/2040CDDE40605FD55E69C69683BC3071,Shortens each round by 3 seconds but grants 40% movement speed.,"Съкращава всяка рунда с 3 секунди, но дава 40% скорост на движение."
/F5A6EE6F475FCADBA9F184B16808C696,Shots per Attack,Изстрели на атака
/300EC824416C0219323D0AAD03AAFA09,Signal Tower,Сигнална кула
/54AA2ABE429BA510D5C70E8B5E70A2F1,Simple Circuit Board,Проста печатна платка
/D784AB5444F962993D3050A9729E6E73,Simple Computing Unit,Прост изчислителен модул
/E1A8B85546BC06E79991B59C148FD226,Simple Drill,Проста бормашина
/DCA18F3A447CCED1FA8A97B063F5870D,Skip Tutorial,Прескочи уводното обучение
/DB37DACF43F69DB2E340C8811AE120CB,Small Flower,Малко цвете
/70A017434006AF0E18612A8F76AF2C58,Small Table,Малка маса
/67F37F68400A928F2053C99F99E438BF,Small decorations,Малки украси
/9CC9983240118F8BEBFFCC8222EA5F9D,Snowy Hills Unlocks:,Отключвания на Снежните хълмове:
/3380412A4156F7AB919540AD670D74EA,So you kept adding shores until the sea went quiet,"И така, продължи да добавяш бряг след бряг, докато морето не утихна"
/96E9C50249BD210C0D190EB0AACCE851,Solar Cell,Соларна клетка
/233FFC704E1230F0F87D6DBF0E57EF92,Solar Panel,Соларен панел
/018E067C464CD52A83F759964633140B,"Some coastlines are patched from fatigue, not from purpose","Някои брегове са закърпени от умора, а не от цел"
/A3133D954347C7E4A1302AAC800FE42F,Sound,Звук
/03917951435AC3E6543A37BA4BC0D592,Sound Effects Volume,Обем на звуковите ефекти
/476CC6A64B23AF47F80E32A285F0FA0D,Speed Upgrade Tier 1,Надстройка на скоростта 1. ниво
/FC6610524983999D11ACBB90DE6EC0D3,Speed Upgrade Tier 2,Надстройка на скоростта 2. ниво
/A2D7E53540B715A7C704EB8ABE8C0660,Speed Upgrade Tier 3,Надстройка на скоростта 3. ниво
/13F480DF400EE234E2E54485F21C84A7,Speed gain: {SpeedGain},Придобита скорост: {SpeedGain}
/040F8E494705782BBE25F591B1B9C8B5,"Speedrun on tracks to earn Data. Finished tracks also generate Data on their own, based on your best time. The faster you run, the more Data you make.","Тичай по пистите, за да спечелиш данни. Завършените писти също генерират данни сами въз основа на най-доброто ти време. Колкото по-бързо бягаш, толкова повече данни печелиш."
/1192785D4DD7FE407C4EEDA78769241C,"Spend your Data to unlock new upgrades and movement techniques, expand your tracks, and boost their Data output.","Използвай своите данни, за да отключиш нови надстройки и техники на движение, разшири пистите си и увеличи тяхната продукция на данни."
/39CE385D4F14B723B83698B104870051,Sprint,Спринт
/0778A0AF45F0F4A699400092E4286D06,Star Trinket,Звезден талисман
/6DCE9BFD4D8E74171A613DA7157D6DB7,Starlight Fields Unlocks:,Отключвания на Звездни полета:
/1D4F680848746245451022B4C944F836,"Stars, Lives, Memories, Time...","Звезди, животи, спомени, време..."
/4BABE66D46DB75784910C6AAA1FED7E1,Start Run,Започни бягане
/14254D364304AFEAA75C3B81923F8E4D,Start the Mine minigame with 25% more energy.,Започни минииграта Рудник с 25% повече енергия.
/782342D74C9BB89DA53F99A1F61DF95D,Steady Aim,Точна стрелба
/3A11D2684264AEDA81E1758EA8964FC5,Steel Ingot,Стоманена слитък
/15B02E764B21E53321483C8426FA268A,Steel Pickaxe,Стоманен кирка
/D2F847DB4B640F3CF23E05AAEFFA5DBA,Stone Brick,Каменна тухла
/7A2470154162D87AFC51FBA799A32F9C,Stone Gear,Каменно зъбно колело
/CB39CADD4447B7B5377B81B0A76535F9,Stone Pickaxe,Каменен кирка
/916D32F14C487F43B87F3582F0D6F8BE,Stopwatch,Хронометър
/078EFC92479BEA2E7E89AE9C9AE214EB,Storage,Склад
/DC63E4A34E7BF8E6F9A5CF8ECD8B3FFE,Stuck,Заседнал
/332E430B4645A9451BFC1E80046C68C8,Sturdy Plank,Твърда дъска
/71816A0F47D47E36DA218681BA5DD87B,Success,Успех
/DFA02B3240540FD241A9EEBA8F012289,Sugar Cane,Захарна тръстика
/7B82E7D24ACBD2EC35B4D3AFBC83F2A6,Sulfur Rose,Серничеста роза
/83D82BE941D33CB7ADE1EA83754D46E8,Summary,Резюме
/89457D75431954A9C8F70580B0CD53DC,Support Bloom,Поддържащ цъфтеж
/0434892B470CB7AC527AC692694B26A5,TOO WEAK!,ПРЕКАЛЕНО СЛАБ!
/AF67E6494D503BE92FB27698036A7AC6,Take Gold,Вземи злато
/DF98ACB2499799EAD91A66BE44EB3961,Teleport,Телепортирай се
/E38C1962414FEB449A5A499F2E01FAE9,Teleport Pad,Телепортационна платформа
/422BF2AF43E340A62E802F93A28E10CA,Temp,Временен
/F30B470D4C1D8C20213577B3F32E8FC9,Tent,Шатра
/0037DA654611B8EA487E29AC86647D54,Texture Quality,Качество на текстурите
/4767EAA142701AEA3F5A4A88A818D6CB,Thanks for playing,"Благодаря, че играхте!"
/70A6C80A4134FA270343CFBAE7D3C422,The Automated Fertilizer ensures only plant-type resources spawn within its radius.,"Автоматичният тор гарантира, че само растителни ресурси се появяват в неговия радиус."
/386CD7764A3ECEFDED1FBE862BD7B789,The Memory Shrine can unlock permanent buffs by feeding it items through pipes. All Memory Shrines follow the same progression.,"Светилището на паметта може да отключи постоянни бонуси, като му подавате предмети през тръби. Всички светилища следват един и същ прогрес."
/10287A374085A395778A29915AA2BD9B,The Mine,Мината
/93127417492EA112D55BE1A4C285462A,The Mine minigame tools are 20% stronger.,Инструментите за мини-играта в мината са с 20% по-силни.
/603A5613447736FD755F658AA73B3035,The analyzer can be used to research new alternative recipes to simplify complex crafting processes.,"Анализаторът може да се използва за изследване на нови алтернативни рецепти, които опростяват сложните процеси на изработка."
/9B7B852B474AA4712C76CC9E1E64636F,The drop rate for Heart of the Elder is increased by 50%.,Шансът за изпадане на Сърцето на Старейшината се увеличава с 50%.
/CA7D25CE49CC3D119065C99D7CBD38CA,The heart of the largest and strongest tree in the Dark Thicket. The Elder Tree grows in the North and is extremely sturdy. Its heart has a 50% base chance of dropping when it is felled.,"Сърцето на най-голямото и силно дърво в Тъмния гъсталак. Старейшината расте на север и е изключително здраво. Сърцето му има 50% основен шанс да падне, когато бъде отсечено."
/34B4503F4B83C6F77C9F308FD6834196,"The longer I stay, the clearer it feels","Колкото по-дълго стоя, толкова ми е по-ясно"
/896A71DF4D1B4E4619AA158EE694FCA5,The selected building type will receive a global speed boost of 50%.,Избраният тип сграда ще получи глобално увеличение на скоростта от 50%.
/E60756064146691BB59030B1ACDD47E8,Thermal Battery,Термална батерия
/C9DB05A14CB0BD1DBCC9CE9E64242EE5,Thermal Powder,Термален прах
/CE95E5CE49A4529084426DBE02627D9D,These places...,Тези места...
/63F1B8544C37ED1E615E70AC3B5BA2F7,This fear of yours...,Този твой страх...
/954D8B82457C53BA0579A399F9676028,"This place was built to keep me busy, not whole","Това място беше построено, за да ме държи зает, а не цял."
/867250CD4E9F165D103644807ADFA922,Tilt Shift while walking,Tilt Shift при ходене
/79E892264220B556F70DFBBA3FE342F7,Time Gain Ability,Способност за печелене на време
/66BDEBC14281706964498DBBE34C568B,Time between actions: ,Време между действия: 
/0B9038C047CB9E9B01BBE38483CEEDBF,Tin Dust,Калаена прах
/CC7FD79245458C349B289E852B2135CE,Tin Ingot,Калаен слитък
/E9FEBB2E49944BC1D4068CBB0062F71B,Tinker Station,Работилница за поправка
/93E0F72C424C47F10EEC66AFF0A5FD3F,To exit press:,За изход натисни:
/47B3EF9A403343F72B7BD29847308AF1,To interact press:,За взаимодействие натисни:
/6E2A06B34409D8857C5FFA8A6412AA07,To remove pinned items press:,За премахване на закачени предмети натисни:
/38CDAF7C401C81069F9DADBF8DEEEBDC,Toggle Sprint,Превключване на спринт
/ECA333644DA31AC75A2B6686483E182C,Tomato,Домат
/28FBDECF4634D6865A05D080F7820C28,Toolbelt Research Table,Маса за изследване на инструменти
/23F426D34B599D7966D50A9004EB4470,Toolbelt Tinker Station,Работна станция за инструменти
/82935C6C424BBB9C452DA4A572AD4ECA,Toolbelt Workbench,Бенч за инструменти
/549B00D04432F53142C4EDA50E0E0FBE,Torch,Факла
/FC0936D24A2DCCE52986A588A6082A5B,Total Credits,Общо кредити
/4F9438EC4D81BFD971FFFC8B53DEAE07,Total Gold Earned,Общо спечелено злато
/068854674579B7023B399DB4DC7A53F8,Track 1 Idle Data,Пътека 1: пасивни данни
/E43AB7F3421AB083FE0662B1BB3C3E48,Track 1 Manual Data,Пътека 1: ръчни данни
/F2CC3F444E023B976208918A479D9C75,Track 2 Idle Data,Пътека 2: пасивни данни
/0AE107EE401809F0B6DFD1BA19EC58C7,Track 2 Manual Data,Пътека 2: ръчни данни
/71AA518949922A03260E4A8461D04AA7,Track 3 Idle Data,Данни за писта 3: пасивен режим
/E8DD46434CE740CCFBA559A5869C4C2B,Track 3 Manual Data,Данни за писта 3: ръчен режим
/441A4FDD48248F35C7FDBEAA96F59002,Track 4 Idle Data,Данни за писта 4: пасивен режим
/199D393B4CBDCEE262968A8C9C2C6AFB,Track 4 Manual Data,Данни за писта 4: ръчен режим
/DA31497844B8E285FE31DCA416FE2197,Treasure,Съкровище
/0B97169848752CB727699EB4E29C344F,Tree Credits,Кредити от дървета
/BD3B627240A914A452CAF688BC78F6A1,Trees yield 20% more credits.,Дърветата дават 20% повече кредити.
/47E0FDB84EB7658189C4D1BB200591D1,Trunk Chest,Сандък от ствол
/882D1AAD499718D2FAE58785DBC1F4B8,Trunk Storage,Склад за стволове
/619667274165F6B9A2B67AA0DA868548,Umbrella,Чадър
/B087A06944461A5562A872B9950D00D0,Unlocking pipes and chests allows you to build basic automation and increase item storage capacity.,Отключването на тръби и сандъци ти позволява да изграждаш основна автоматизация и увеличаваш капацитета за съхранение на предмети.
/5BE95C1F45EDC5A6ACC220835F1DDBFF,Unlocks Area-of-Effect passive: Trees struck by the Axe Skill deal 50% base damage to nearby trees and apply on-hit effects,"Отключва пасивен ефект под формата на област: дървета, ударени от умението с брадва, нанасят 50% основен ущърб на близките дървета и прилагат ефекти при удар."
/85E3B8BE4C1282CFEED17094809C97EA,Unlocks Cooldown Reduction On Kill passive: Bit & Hogg Skill active cooldown will decrease by 0.5 seconds for every tree felled by Bit & Hogg Skill,"Отключва пасивен „Намаляване на времето за охлаждане при убийство“: активното време за охлаждане на умението Bit & Hogg намалява с 0.5 секунди за всяко дърво, отсечено чрез умението Bit & Hogg."
/14704DA84CF9158940FE60B5591888F6,Unlocks Double Poison Damage Ability: Trees with active poison effect will receive double damage while Berserk Skill is active,"Отключва способността „Двойни щети от отрова“: дървета с активен ефект на отрова получават двойна вреда, докато умението Berserk е активно."
/BAC04DA64A45FDCE03C0D2A54924AEA7,Unlocks Double Weakness Damage Ability: Trees with active weakness effect will receive double damage while Berserk Skill is active,"Отключва способността „Двойни щети от слабост“: дървета с активен ефект на слабост получават двойна вреда, докато умението Berserk е активно."
/F53B9DCA46262A143C4EA2B1F8DACCCE,Unlocks Forest Luck Ability: Player has a 30% chance to receive double items when manually destroying any tree. Doesn't affect trees in the Dark Thicket,Отключва способността „Шанс за гора“: играчът има 30% шанс да получи двойни предмети при ръчно унищожаване на всяко дърво. Не влияе върху дърветата в Мрачните гъсталаци.
/DD6BE5074B53B985D201FCAF9224FD02,Unlocks Plant Fortune Ability: Player has a 15% chance to receive double items when manually destroying any plants. Doesn't affect plants in the Oasis,Отключва способността „Шанс за растения“: играчът има 15% шанс да получи двойни предмети при ръчно унищожаване на всякакви растения. Не влияе върху растенията в Оазиса.
/CF7C43D64E1ADDC16D540DA05A64AE05,Unlocks Plant Luck Ability: Player has a 30% chance to receive double items when manually destroying any plants. Doesn't affect plants in the Oasis,Отключва способността „Шанс за растения“: играчът има 30% шанс да получи двойни предмети при ръчно унищожаване на всякакви растения. Не влияе върху растенията в Оазиса.
/CD90E9F9422E131EC55DE6B36F16C75E,"Unlocks Poison passive: Axe Skill applies Poison effect, lasting 2 seconds and dealing 10 base damage per second","Отключва пасивен „Отрова“: умението с брадва прилага ефект на отрова, който трае 2 секунди и нанася основни щети по 10 единици в секунда."
/64C2AB5B4ABD9DB27732D6A9AAFE0BDD,Unlocks Time Gain Ability: Timer will gain 0.1 seconds for every tree felled by Axe Skill,"Отключва способността „Печелене на време“: таймерът печели 0.1 секунди за всяко дърво, отсечено чрез умението с брадва."
/810A218A4BF661FE941E21A0202D7DC1,Unlocks Weakness Aura passive: Trees around you will periodically receive the weakness effect,Отключва пасивната аура на слабост: Дърветата около теб периодично ще получават ефект на слабост
/17341C40436D13483BFA63BDF51ADCBF,Unlocks Weakness passive: Trees struck by Bit & Hogg Skill permanently receive +50% more damage and drop +50% more resources,"Отключва пасивната слабост: дървета, ударени от умението Bit & Hogg, трайно получават +50% повече щети и изпускат +50% повече ресурси"
/DBBDEE644624382907E5648C1403CC7C,Unlocks Wood Fortune Ability: Player has a 15% chance to receive double items when manually destroying any tree. Doesn't affect trees in the Dark Thicket,Отключва умението Щастие на дървото: Имаш 15% шанс да получиш двойни предмети при ръчно унищожаване на всяко дърво. Не засяга дърветата в Тъмната гъсталак
/FAE2C55D4F7E8E057D73728567CE22DB,Unlocks a variety of big decorations.,Отключва разнообразие от големи декорации.
/42E1D2A04EB40E4BB05A59A176484A2A,Unlocks a variety of small decorations.,Отключва разнообразие от малки декорации.
/311C62CC47C6B2392B6DB7B424F60921,"Unlocks advanced pipe management tools. Grants access to the Pipe Splitter, Pipe Merger, and Pipe Extender.","Отключва напреднали инструменти за управление на тръби. Дава достъп до Разделител, Свързвач и Удължител."
/C12264EE45BFBC032F930885D510B806,Unlocks stackable Area-of-Effect Ability range: Permanently grants +1 meter of radius for every 50 trees felled,Отключва натрупаем обхват за ефект: Трайно дава +1 метър радиус за всяко 50 отсечени дървета
/A06FCA6A41545FDDAE4150A6EF1AE049,Unlocks stackable Axe Skill damage: Permanently grants +10 Axe Skill base damage for every 50 trees felled,Отключва натрупаеми щети с брадва: Трайно дава +10 базови щети за всяко 50 отсечени дървета
/1F4688EF4F1DADCA0DDF25BF75219414,Unlocks stackable Berserk Skill duration: Permanently increases Berserk Skill duration by +0.5 seconds for every 50 trees felled,Отключва натрупаемо времетраене с умението Berserk: Трайно увеличава времето за действие на умението Berserk с +0.5 секунди за всяко 50 отсечени дървета
/F121CE384C77DF228F821A9B30409DAA,Unlocks stackable Berserk Skill resource gain: Permanently increases Berserk Skill resource gain by +2% for every 50 trees felled,Отключва натрупващи се придобивки на ресурси от умението Berserk: Постоянно увеличава придобиването на ресурси от умението Berserk с +2% за всеки 50 отсечени дървета
/B5D9800444945DCDA2EB0EB5B5DEA5F9,Unlocks stackable Bit & Hogg Skill damage: Permanently grants +25 Bit & Hogg Skill base damage for every 50 trees felled,Отключва натрупващи се щети от умението Bit & Hogg: Постоянно дава +25 към базовите щети на умението Bit & Hogg за всеки 50 отсечени дървета
/0BA42835486FBB9DBD9C67B42E9963CD,"Unlocks the Dash ability. Dash by pressing ""{DashKey}"".",Отключва умението Ускорение. Използвай го с натискане на „{DashKey}“.
/74EDD26346EF19E748DFC1A52ADC41F3,Unlocks the Double Jump ability.,Отключва умението Двоен скок.
/CA6B7A0A4208A29D5C9BB5AF89972B77,"Unlocks the Dynamite ability, allowing you to throw a stick of dynamite that destroys stone in a large radius","Отключва умението Динамит, което ти позволява да хвърляш пръчка динамит и да унищожаваш камъни в голям радиус"
/915B44374F7CBBE3E8BF82BD4646256D,Unlocks the Wallrun ability.,Отключва умението Бягане по стени.
/D793D4B24F37934B07D2E8A78A105CBC,"Unlocks the X-Ray ability, allowing you to see objects through nearby walls for 10 seconds","Отключва умението Рентген, което ти позволява да виждаш предмети през близките стени за 10 секунди"
/50D51F9D46F93E5563F487A8BD70EF79,Unstuck,Освободи се
/3329D1344CFA32DA9F45C998884D8F49,Upgrades,Подобрения
/E73FC2CD4021FA9C324D57BAA41D0B42,"Upgrades your watering can, making it reduce more grow time.","Подобрява лейката, така че да намалява времето за растеж повече."
/8CC6C8634C88FA846FE58F8ACB557D1A,Use Watering Can then harvest,"Използвай лейката, после събери реколтата"
/82C5DA3F4DCAD888B37EF2921725BD23,"Use minigame-specific resources in the shop to buy new equipment, buffs, and buildings. Find and equip runes to grow stronger. The rarer the rune, the more powerful its effect.","Използвай ресурсите, специфични за мини-играта в магазина, за да купиш нова екипировка, бонуси и сгради. Намери и оборудвай руни, за да станеш по-силен. Колкото по-рядка е руната, толкова по-мощен е нейният ефект."
/964DAA2B40A4F557E1343385F48378D5,Use the Workbench to craft items. Press [B] for the Building Menu or [V] to deconstruct buildings.,"Използвай Работилницата за изработване на предмети. Натисни [B] за Менюто със сгради или [V], за да разрушиш сграда."
/4DDFFAF344913F291A2B78856974817C,"Use the gathered resources to upgrade your skills and become better at cutting down trees, until you become strong enough to cut down the Elder Tree in the North!","Използвай събраните ресурси, за да подобриш уменията си и станеш по-добър в сеченето на дървета, докато не станеш достатъчно силен, за да отсечеш Старото Дърво на Север!"
/51A6F3734A2A87029C981F9B4ACEFD9D,"Use your Gold and Plants Harvested progress to unlock new plants, stronger buffs, and helpful upgrades. Support plants can boost nearby crops and make your oasis much more powerful.","Използвай злато и прогреса си в събирането на растения, за да отключиш нови растения, по-силни бонуси и полезни надстройки. Поддържащите растения могат да подсилят близките култури и направят твоята оазис много по-мощен."
/85699613455E48983AC8E685902B670D,Useless,Безполезно
/4200CC43448C3662B241A2912865A1D4,User Interface Volume,Сила на звука за потребителския интерфейс
/1695AD464775EB1339B15580C0F5066E,VSync,VSync
/6FAA40BD41F3234565AAC281B6EBA744,Very High,Много високо
/876FBD7B4EC98DD73C9C98A794AFB3F2,Victory!,Победа!
/4CBB0A49463648FACA522999B22799BC,Video,Видео
/DE1560014AF62CB6085B2288D8E084B9,Volcano Unlocks:,Отключвания на вулкана:
/5C7D25654217D97C9872FF99E6225347,Wallrun,Стенобягане
/A877EC5446B0FBDAF3973C906294F55F,We close this reality with purpose fulfilled,Затваряме тази реалност с изпълнена цел.
/E43EF38B4D31D1F70430DF9D1587D789,Weak Point,Слабо място
/F9784CD046A8210B1D50F2929D2791B9,Weakened resources take 10% more damage per level after the first hit.,Отслабените ресурси понасят 10% повече щети на ниво след първия удар.
/8D178EDD4731360310B1D2B0B0CE0603,Weakness,Слабост
/66F949064252065846531FA8DBF25EFD,Weakness Ability,Способност за слабост
/BA70416B47DF743E1EF25DBDA72AD917,Weakness Aura Ability,Способност на аурата на слабостта
/19E025394D43AB2122764199AD7720F0,Weakness Chance,Шанс за слабост
/22E9325C4A9EF8C605AAFBAF6E3BAE79,Weakness Drop Chance,Шанс на изпадане от слабостта
/5CF6E4C047778CFAE271F18DA69E7484,Weakness Strength,Слабост Сила
/218B94814C6B3A9120D0A38ACECB975B,Weakness strength: {WeaknessStrength},Сила на слабостта: {WeaknessStrength}
/378FBFD9465D38ACC1647C850480AC9C,Welcome,Добре дошли
/B4172804401AAE139118459976280B9F,Welcome to Nightwater...,Добре дошли в Nightwater...
/D748E0F04FE10FBE2E28928D21E602A1,What do you hope to achieve?,Какво се надяваш да постигнеш?
/8711A33C4C0A6DCB4D1A388B9DE64787,What will come after?,Какво ще дойде след това?
/F9396EA34E5546F03C0016BCF7D8A539,Wheat,Пшеница
/DBC019D842C624F341A403A42015E25D,Wheat Oil,Масло от пшеница
/AFABF10A4FD9EC75D52408ABE69F13A5,"When activated, throws the Bit & Hogg axes. They fly in your facing direction and return after a few seconds, damaging every tree they strike","Когато се активира, хвърля брадвите Bit & Hogg. Те летят в посоката на лицето ти и се връщат след няколко секунди, повреждайки всяко дърво, което ударят"
/7C231E044F4AE5CA1DA6B689E7B5C1B0,"When grown, adds +1 multiplier to every other plant in this area.","Когато узрее, добавя +1 множител към всяка друга растение в тази област."
/AF7C426F4A3BCA2E4313AF901DEC65AF,"When grown, adds +15 value to every other plant in this area.","Когато узрее, добавя +15 стойност към всяко друго растение в тази област."
/B48D838045FF2A91EE516BB52088DBC2,"When grown, cuts the remaining grow time of every other plant in this area in half.","Когато узрее, намалява наполовина оставащото време за растеж на всяко друго растение в тази област."
/AB5565A449B8F1610235D0BFFACF26F6,"When grown, halves each other plant's value but increases its multiplier by 4.","Когато узрее, намалява стойността на всяко друго растение наполовина, но увеличава неговия множител с 4."
/947C327248FFD130C9FA4EBE77EE3C4B,"When grown, lowers each other plant's multiplier by 1 but adds +120 value.","Когато узрее, намалява множителя на всяко друго растение с 1, но добавя +120 стойност."
/907EF93B4C797508239A518CB389DB8C,"While active, it increases movement speed, damage output and resource gain by +50%","Докато е активна, увеличава скоростта на движение, нанесената щета и добива на ресурси с +50%."
/F1A2018C4BBE4E3A6013009CC552CC08,"While the Berserker ability is active, you gain 100% more resources.","Докато способността Berserker е активна, получавате 100% повече ресурси."
/776AAFE14CF6017B162BDFB5D2260A7E,Why did you make these lands?,Защо създаде тези земи?
/5F7E78714D08990AF65827B93C3B44FB,Why...,Защо...
/65F3220949C0D07C31AA24A38C7686B6,Widens your fire explosions by 1 meter.,Разширява огнените ти експлозии с 1 метър.
/FF403D694E12199D014651B6C5193423,"Will collect all items inside Harvesters, Assemblers and chests in its area when interacted with, within a large range.","При взаимодействие събирателят ще събере всички предмети в автоматичните събирачи, асемблерите и сандъците в зоната си, в голям обсег."
/7EF3D4F84A9EE411D2EA4BB4A8272979,"Will collect all items inside Harvesters, Assemblers and chests in its area when interacted with.","При взаимодействие събирателят ще събере всички предмети в автоматичните събирачи, асемблерите и сандъците в зоната си."
/1D05A17944B006D61D399F91278288A8,Will there be more after Nightwater?,Ще има ли още нещо след Nightwater?
/08ED67E5487BBA97A6C8D486FCB4E60D,Will there be... after?,Ще има ли... нещо след това?
/380EE5474E1FEAFD6FA752BCAD06190A,Window Mode,Режим на прозорец
/933574FF4727B540C1F7A08289701692,Windowed,Прозоречен режим
/9508B19D4B3CC0DD5CAC32A962CC8066,With music by:,Музика от:
/B1CA73CC43EF7EFB9A4F618CFF73454C,Wood,Дърво
/4F664BE14B40BC612EDEA0962C3A72A5,Wood Bark is dropped by dark trees that grow in the West near the ruins.,"Кората на дървото пада от тъмните дървета, които растат на запад близо до руините."
/07F2C9C844A84197C2F7F9B2D15BC4B8,Wood Cutter Speed,Скорост на рязане
/FD21452D46FB478F78C1A2B1BF4DEB83,Wood Dust Milestone,Междинна цел за дървесна прах
/191197024697872119055C8FE0A250AB,Wood Fortune,Щастие от дърво
/69384FBA49783A05F62C6C90B2711836,Wooden Cat,Дървена котка
/6564072A4FEF1A6678CAA484DBECEC6F,Wooden Chair,Дървен стол
/E22D801E493F03278CC6C399E66D3AE8,Wooden Gear,Дървена зъбна колела
/D0D94001458DDEDAC88EFBAA970137EC,Wooden Pickaxe,Дървен кирка
/BAA7A4B74B43309F7E53CA90A2E0B9C3,Workbench,Работилница
/AF2BB03B46D6FBF438F7639ADF738A35,Would this place be the same without me,Би ли това място било същото без мен?
/A5724CD5463152FDD31266ABCE198D67,X-Ray Ability,Способност рентген
/36FD2457484470EECDD7CDB811F93560,You can't escape the void,Не можеш да избягаш от пустотата.
/B73F73EB41F4F1F1FF29B7A28A9A456D,"You don't fear death, just this place here...","Не се страхуваш от смъртта, само от това място тук..."
/D28F90F2429BA7D15A81E2891EA15ACA,"You keep giving tools, not reasons","Продължаваш да ми даваш инструменти, а не причини"
/21CC04634C2016D49F6E29A5587C12EF,You never wanted this...,Ти никога не си искал това...
/A41661FB4CBC9EA070DA31AD02755F6F,You remember quickly... you always do,Бързо се сещаш... винаги е така.
/F39A65C249556FC2C7D97C91AE4BA0C2,You thought this is what we wanted?,"Мислеше, че това искаме?"
/FCB5DAE84560198413BAE5B5A3EC1221,You turned every stone... patient... precise...,Обърна всеки камък... търпеливо... точно...
/A483553C40B1D0A228B4E8863E5C534A,You wanted us to have more,Искаше да имаме повече.
/17E3517B4DCA5A5467FCE9960D9369A5,You'll need to unlock the Auto-Planter in the shop first.,Първо трябва да отключиш Автоматичния садител в магазина.
/F495094E4E09751971A81A88393B75E7,Your blast echoes one more time per level on the same spot for 30% damage.,Твоето избухване отеква още веднъж на същото място за 30% щети.
/2F8522944DEB509E24B96285DA591FC5,Your first hit on a resource deals 20% more damage.,Първият ти удар по ресурс нанася 20% повече щети.
/05114D1F4EBBA9F0109E4FA7A81100CF,Your hits have a 30% chance to chain lightning to the nearest resource for 30% of the hit's damage.,Ударите ти имат 30% шанс да прехвърлят мълния към най-близкия ресурс за 30% от щетите на удара.
/457E25854363A16A4F9D89A20C6F203B,Your lightning jumps to one more resource per level.,Твоята мълния прескача на още един ресурс на ниво.
/1A08D7B245C53CE830245DA8BD2FE6DB,Your poison deals 20 more damage per second.,Твоят отровен удар се увеличава с 20 щети в секунда.
/F394A9894433E1C333513FBFB2B06F74,Your poison lasts one second longer.,Твоят отровен удар трае една секунда по-дълго.
/3AE34B904C087348326B1F9B6BCA2CF3,Your rage grants 10% more damage.,Твоето ожесточение ти дава 10% повече щети.
/E46372584D281B2743A5DAA237DAB654,Your rage grants 10% more movement speed.,Твоето ожесточение ти дава 10% по-голяма скорост на движение.
/D4B0427243BFCBB4921533B2D5125FE0,Your rage lasts one second longer.,Твоето ожесточение трае една секунда по-дълго.
/81377FBE43C540607B73ADB10C10B2AF,Your tool will gain an additional 30% critical hit chance and the number of items obtained from resources that are finished with a crit is increased by 60%.,"Твоят инструмент ще получи допълнителни 30% шанс за критичен удар, а броят на предметите от ресурси завършени с крит се увеличава със 60%."
/3DE84A834094CFFB01D7CBB62E4B90D9,Your tool will gain an additional 40% critical hit chance and the number of items obtained from resources that are finished with a crit is increased by 100%.,"Твоят инструмент ще получи допълнителни 40% шанс за критичен удар, а броят на предметите от ресурси завършени с крит се увеличава със 100%."
/7A1A9547400CA45CD779ED83EF4AA74D,Zone Upgrade Tier 1,Надстройка зона ниво 1.
/2C963F5542732D46A06424A15ADE68D2,Zone Upgrade Tier 2,Надстройка зона ниво 2.
/2A5A48C94A9B42E8D5DDB9A135C8BE2F,Zone Upgrade Tier 3,Надстройка на зона 3-ти ниво
/6B97CBC040E26D6129C0A4B16D3FA956,follow the minecart rails!,Следвай релсите за миньорски колички!
/721D2E804089870A35CCC1BBC96173D7,"so full, and yet so void","толкова пълна, а все пак толкова празна"
/174566F24285BB0297D6D9B47AD9430E,to receive the Key of Memories,за да получиш Ключа на спомените
CommonWords/ItemDescriptionSimple,"A basic crafting material used for building structures, equipment, and complex items.","Основен материал за изработка, използван за строеж на структури, оборудване и сложни предмети."
CommonWords/NatureChestDescription,"A dedicated storage container for plant-type base Milestone items, not crafted items. Restricted to plant-related milestone resources only, with a capacity of 250.","Специална контейнерна кутия за основни елементи от тип растение (не са готови изделия). Ограничена само до ресурси свързани с растенията, с капацитет 250."
CommonWords/TrunkChest,"A dedicated storage container for wood-type base Milestone items, not crafted items. Restricted to wood-related milestone resources only, with a capacity of 250.","Специална контейнерна кутия за дървени материали от основни елементи тип растение (не са готови изделия). Ограничена само до ресурси свързани с растенията, с капацитет 250."
CommonWords/FactoryDescription,"A machine that can receive items through pipes to automate crafting, at a very fast speed.",Машина която може да получава предмети чрез тръби за автоматизиране на изработката със много висока скорост.
CommonWords/PulverizerDescription,A machine that processes ore into dust. Dust can be processed into ingots more efficiently in the furnace.,"Машина, която обработва руда в прах. Прахът се преработва по-ефективно от пещта във вид на слитъци."
CommonWords/Assembler,A rudimentary auto-crafter. Slow crafting speed with a low construction cost.,Примитивен автомат за изработка. Бавна скорост на производството и ниска цена при строежа.
CommonWords/DecorationDescription,A simple decoration with no practical use.,Елементарна декорация без практическа употреба.
CommonWords/WoodenTotemDescription,A totem that restricts resource spawns in its effect area to trees only,"Тотем, който ограничава появата на ресурси в зоната си на действие само до дървета"
CommonWords/Activated,Activated,Активиран
CommonWords/ExtendedArea,Adds more planting spots to this Area.,Добавя повече места за засаждане в тази област.
CommonWords/AdvancedLootManifester,Advanced Loot Manifester,Напреднал манифестатор на плячката
CommonWords/ItemDescriptionComplex,"An advanced crafting material used for complex structures, upgrades and equipment.","Сложен материал за изработка, използван за сложни структури, надстройки и оборудване."
CommonWords/LootBoxDescription,An advanced device that manifests random resources 5 minutes after placement. Provides 6 random resource drops once the process is complete.,"Напреднало устройство, което манифестира случайни ресурси 5 минути след поставяне. Осигурява 6 произволни падащи ресурса веднъж при завършване на процеса."
CommonWords/NatureAltarDescription,An altar that slowly generates all types of plant milestone items without requiring resources.,"Олтар, който бавно генерира всички видове растителни предмети за постижения без да изисква ресурси."
CommonWords/Analyse,Analyze,Анализирай
CommonWords/DesertHarvester,Automatically harvests grown plants in this Area and stores the gold.,Автоматично прибира порасналите растения в тази зона и съхранява златото.
CommonWords/PlantHarvester,"Automatically harvests plant resources within a small radius, at a slow speed. Harvested items count towards Milestone Progression.",Автоматично събира растителни ресурси в малък радиус с бавна скорост. Събраните предмети се броят към напредъка по етапите.
CommonWords/GaiaEngineDescription,"Automatically harvests plant resources within a small radius, at a very fast speed. Harvested items count towards Milestone Progression.",Автоматично събира растителни ресурси в малък радиус с много висока скорост. Събраните предмети се броят към напредъка по етапите.
CommonWords/StoneHarvester,"Automatically harvests rock, clay, and ore within a small radius, at a slow speed. Harvested items count towards Milestone Progression.","Автоматично събира камъни, глина и руда в малък радиус с бавна скорост. Събраните предмети се броят към напредъка по етапите."
CommonWords/WoodHarvester,"Automatically harvests tree resources within a small radius, at a slow speed. Harvested items count towards Milestone Progression.",Автоматично събира дървесни ресурси в малък радиус с бавна скорост. Събраните предмети се броят към напредъка по етапите.
CommonWords/DesertReplanter,Automatically replants the same plant after auto harvesting in this Area.,"След автоматичното прибиране, този инструмент отново засажда същата растителност в тази област."
CommonWords/BoonOfDetermination,Boon of Determination,Благословия на решимостта
CommonWords/BoonLuck,Boon of Luck,Благословия на късмета
CommonWords/BoonOfStrength,Boon of Strength,Благословия на силата
CommonWords/ToolbeltTier1,"Can be crafted at the Tinker Station.
A practical belt for organizing equipment. Unlocks the Workbench tab in the inventory.","Може да се изработи в работилница.
Практичен колан за организиране на оборудване. Отключва таба „Работна маса“ в инвентара."
CommonWords/WaterTrinketDescription,"Can be crafted at the Tinker Station.
Your tool will gain an additional 20% critical hit chance and the number of items obtained from resources that are finished with a crit is increased by 30%.","Може да се изработи в работилница.
Tвоят инструмент получава допълнителни 20% шанс за критичен удар, а броят на предметите от ресурси завършени с крит е увеличен с 30%."
CommonWords/TeleporterDescription,Can be used to teleport to teleport pads. Teleport pads are unlocked automatically.,Може да се използва за телепортиране до платформи за телепорт. Платформите за телепорт се отключват автоматично.
CommonWords/Cancel,Cancel,Откажи
CommonWords/Capacity,Capacity,Капацитет
CommonWords/Choose,Choose,Избери
CommonWords/Coal,Coal,Въглища
CommonWords/Coins,Coins,Монети
CommonWords/LightspeedPipeDescription,Connects machines to transfer items between inventories. Medium range with extremely fast throughput.,Свързва машини за прехвърляне на предмети между инвентари. Среден обсег с изключително бърз капацитет.
CommonWords/Continue,Continue,Продължи
CommonWords/CopperOre,Copper Ore,Медна руда
CommonWords/Craft,Craft,Изработи
CommonWords/CrownName,Crown,Корона
CommonWords/DEMO,DEMO,ДЕМО
CommonWords/Deactivated,Deactivated,Деактивирано
CommonWords/CrownDescription,"Doubles the manual damage dealt by the tool, as well as the manual resource gain. Manual crafting becomes four times faster.","Удвоява ръчно нанесената щета с инструмента, както и ръчния добив на ресурси. Ръчната изработка става четири пъти по-бърза."
CommonWords/DuskGold,Dusk Gold,Злато от здрача
CommonWords/Empty,Empty,Празно
CommonWords/EndEarly?,End Early?,Завърши рано?
CommonWords/EnergyBuff,Energy Buff,Повишаване на енергията
CommonWords/EpicLootManifester,Epic Loot Manifester,Епичен манифестър за плячка
CommonWords/Equipment,Equipment,Оборудване
CommonWords/FactoryName,Factory,Фабрика
CommonWords/FarmerBuff,Farmer Buff,Подобрение на фермера
CommonWords/FireDamage,Fire Damage,Щета от огън
CommonWords/FireRadius,Fire Radius,Радиус на огъня
CommonWords/Fuel,Fuel,Гориво
CommonWords/GaiaEngine,Gaia Plant Farmer,Растителна ферма Gaia
CommonWords/Gold,Gold,Злато
CommonWords/HearthoftheElder,Heart of the Elder,Сърце на Старейшината
CommonWords/SimpleJetpackDescription,Hold down the jump button to activate the jetpack and slowly fly over resources and buildings.,"Дръжте бутона за скок, за да активирате джетпака и бавно летите над ресурси и сгради."
CommonWords/ManualDataDescription,Increases the Data you earn for manually finishing this Track by 20% per level.,"Увеличава данните, които печелите ръчно при завършване на тази писта с 20% за всяко ниво."
CommonWords/IdleDataDescription,Increases the idle Data generated on this Track by 20% per level.,Увеличава генерираните пасивни данни на тази писта с 20% за всеки ниво.
CommonWords/Inventory,Inventory,Инвентар
CommonWords/IronOre,Iron Ore,Желязна руда
CommonWords/Level,Level: ,Ниво: 
CommonWords/LightningBounces,Lightning Bounces,Отскачания на мълниите
CommonWords/LightningChance,Lightning Chance,Шанс за мълния
CommonWords/LightningDamage,Lightning Damage,Щети от мълнията
CommonWords/LightspeedPipe,Lightspeed Pipe,Тръба със светлинна скорост
CommonWords/MESystem,Linked System,Свързан система
CommonWords/Loading,Loading,Зареждане
CommonWords/LootBarrel,Loot Barrel,Барел с плячка
CommonWords/LootBox,Loot Box,Кутия с плячка
CommonWords/MadeinAssembler,Made in Assembler,Произведено в асемблер
CommonWords/MadeinFurnace,Made in Furnace,Произведено във фурна
CommonWords/MadeinPress,Made in Press,Произведено в преса
CommonWords/MadeinPulverizer,Made in Pulverizer,Произведено в пулверизатор
CommonWords/MadeinSmeltery,Made in Smeltery,Произведено в топенец
CommonWords/MultiplierBuff,Multiplier Buff,Умножител буф
CommonWords/NatureAltar,Nature Altar,Олтар на природата
CommonWords/NatureChest,Nature Chest,Скрин на природата
CommonWords/NightCrystal,Night Crystal,Нощен кристал
CommonWords/None,None,Нито едно
CommonWords/NotReady,Not Ready,Не е готово
CommonWords/OakWood,Oak Wood,Дъбова дървесина
CommonWords/Overview,Overview,Преглед
CommonWords/PinItems,Pin Items,Закрепи предметите
CommonWords/PipeSpeed,Pipe Speed,Скорост на тръбата
CommonWords/Plant,Plant,Засади
CommonWords/Play,Play,Играй
CommonWords/PoisonDamage,Poison Damage,Отрова
CommonWords/PoisonDuration,Poison Duration,Продължителност на отровата
CommonWords/Progress,Progress {ProgressAmount}%,Напредък {ProgressAmount}%
CommonWords/Progression,Progression,Прогрес
CommonWords/PulverizerName,Pulverizer,Пулверизатор
CommonWords/Quit,Quit,Изход
CommonWords/RageDamage,Rage Damage,Щета от ярост
CommonWords/RageDuration,Rage Duration,Продължителност на яростта
CommonWords/RageSpeed,Rage Speed,Скорост на яростта
CommonWords/MilestoneItemDescription,"Receive Milestone Items by harvesting resources.
By harvesting more Milestone Items you unlock new buildings, crafts, and buffs.
Progress manually or automate your production using specialized buildings.","Получавайте предмети за постижения чрез събиране на ресурси.
Със събирането на повече предмети за постижения отключвате нови сгради, рецепти и бонуси.
Напредвайте ръчно или автоматизирайте производството си с помощта на специализирани сгради."
CommonWords/Reset,Reset,Нулиране
CommonWords/ResourceGainName,Resource Gain,Придобиване на ресурси
CommonWords/ResourcesAround,Resources around:,Ресурси в близост:
CommonWords/SelectUpgrade,Select Upgrade,Избери надграждане
CommonWords/Settings,Settings,Настройки
CommonWords/Shop,Shop,Магазин
CommonWords/SimpleJetpack,Simple Jetpack,Прост джетпак
CommonWords/SpeedBuffName,Speed Buff,Повишаване на скоростта
CommonWords/StarfallShard,Starfall Shard,Кристал от звезден дъжд
CommonWords/Stone,Stone,Камък
CommonWords/StrengthBuff,Strength Buff,Увеличаване на силата
CommonWords/Sure?,Sure?,Разбира се?
CommonWords/Take,Take,Вземи
CommonWords/TeleporterName,Teleporter,Телепортер
CommonWords/Tier1Equipment,Tier 1 Equipment,Опрема 1. ниво
CommonWords/Tier2Equipment,Tier 2 Equipment,Опрема 2. ниво
CommonWords/Tier3Equipment,Tier 3 Equipment,Опрема 3. ниво
CommonWords/Tier4Equipment,Tier 4 Equipment,Опрема 4. ниво
CommonWords/Tier5Equipment,Tier 5 Equipment,Опрема 5. ниво
CommonWords/Tier6Equipment,Tier 6 Equipment,Опрема 6. ниво
CommonWords/Tier7Equipment,Tier 7 Equipment,Опрема 7. ниво
CommonWords/Tier8Equipment,Tier 8 Equipment,Оборудване 8-мо ниво
CommonWords/Tier9Equipment,Tier 9 Equipment,Оборудване 9-то ниво
CommonWords/TinOre,Tin Ore,Калаена руда
CommonWords/Toolbelt,Toolbelt,Пояс за инструменти
CommonWords/TreeAltar,Tree Altar,Олтар на дървото
CommonWords/TurnOff,Turn Off,Изключи
CommonWords/TurnOn,Turn On,Включи
CommonWords/Unlimited,Unlimited,Без ограничение
CommonWords/Unlock,Unlock,Отключи
CommonWords/Unlocked,Unlocked,Отключено
CommonWords/FarmerBuffDescription,Unlocking Farmer Buff increases the working speed of all farmers by +10%.,Otključването на бонуса за фермери увеличава работната скорост на всички фермери с +10%.
CommonWords/PipeBuffDescription,Unlocking Pipe Speed increases the working speed of all pipes by +10%.,Отключването на бързината на тръбите увеличава работната скорост на всички тръби с +10%.
CommonWords/ResourceGainDescription,Unlocking Resource Gain increases the maximum yield from manual harvesting for all resources by +2.,Отключването на добив на ресурси увеличава максималния добив от ръчно събиране за всички ресурси с +2.
CommonWords/SpeedBuffDescription,Unlocking Speed Buff increases your maximum sprinting speed by +20%.,Отключването на бонуса за скорост увеличава максималната ти скорост на спринт с +20%.
CommonWords/Unlocks,Unlocks,Отключва
CommonWords/VikingWoodCutter,Viking Wood Cutter,Викински дървосекач
CommonWords/WaterTrinket,Water Trinket,Воден амулет
CommonWords/WeaknessDamage,Weakness Damage,Щети от слабост
CommonWords/WeaknessMultiplier,Weakness Multiplier,Умножител на слабостта
CommonWords/MESystemDescription,"When activated, items from all linked chests on the map are automatically transferred to the inventory.","Когато е активиран, предметите от всички свързани сандъци на картата се прехвърлят автоматично в инвентара."
CommonWords/WoodBark,Wood Bark,Кора на дърво
CommonWords/WoodDust,Wood Dust,Дървесна прах
CommonWords/WoodResin,Wood Resin,Смола от дърво
CommonWords/WoodenTotem,Wooden Totem,Дървен тотем
MountainsMinigame/RockContainerDescription,"A dedicated storage container for rock-type base Milestone items, not crafted items. Restricted to rock-related milestone resources only, with a capacity of 250.","Специална кутия за съхранение на основни предмети тип камък, които не са изработени. Ограничена е само до ресурси свързани с каменните превратности и има вместимост от 250."
MountainsMinigame/StoneAltarDescription,An altar that slowly generates all types of stone and ore milestone items without requiring resources.,"Олтар, който бавно генерира всички видове камък и руда без да изисква ресурси."
MountainsMinigame/QuarryDescription,"Automatically harvests rock, clay, and ore within a small radius, at a very fast speed. Harvested items count towards Milestone Progression.","Автоматично събира скали, глина и руди в малък радиус с много висока скорост. Събраните предмети се броят към напредъка за превратностите."
MountainsMinigame/LongPickaxeDescription,Creates 3 small holes. Energy cost: 8,Създава 3 малки дупки. Разход на енергия: 8
MountainsMinigame/ScatterPickaxeDescription,Creates 6 small holes in random directions. Energy cost: 10,Създава 6 малки дупки в случайни посоки. Разход на енергия: 10
MountainsMinigame/RandomPickaxeDescription,Creates a small tunnel that follows a random direction. Energy cost: 15,"Създава тунел, който следва случайна посока. Разход на енергия: 15"
MountainsMinigame/CrossPickaxeDescription,Creates medium-sized holes in a cross shape. Energy cost: 12,Създава средно големи дупки във формата на кръст. Разход на енергия: 12
MountainsMinigame/CrossPickaxeName,Cross Pickaxe,Кръстосан къртач
MountainsMinigame/CurrentlySelected,Currently Selected,В момента избран
MountainsMinigame/EnergyRune,Energy Rune,Енергийна руна
MountainsMinigame/EnergyonCollectRune,Energy on Collect Rune,Енергия при събиране на руна
MountainsMinigame/IncreaseRuneRarityRune,Increase Rune Rarity Rune,Увеличава рядкостта на руната
MountainsMinigame/LongPickaxeName,Long Pickaxe,Дълъг къртач
MountainsMinigame/MineralMultiplierRune,Mineral Multiplier Rune,Руна за умножаване на минерали
MountainsMinigame/MountainsFortune,Mountains Fortune,Късмет в планината
MountainsMinigame/MountainsLuck,Mountains Luck,Планински късмет
MountainsMinigame/MultiplierRune,Multiplier Rune,Множителска руна
MountainsMinigame/OreMultiplierRune,Ore Multiplier Rune,Руна за множител на руда
MountainsMinigame/QuarryName,Quarry Rock Crusher,Каменотрошачка в каменоломната
MountainsMinigame/StrengthRune,Radius Rune,Радиална руна
MountainsMinigame/BetterChestLootRune,Rare Chest Loot Rune,Руна за рядък плячка от сандъци
MountainsMinigame/RockContainerName,Rock Chest,Каменен сандък
MountainsMinigame/RuneQualityDescription,Rune Quality: {RuneQuality},Качество на руната: {RuneQuality}
MountainsMinigame/ScatterPickaxeName,Scatter Pickaxe,Разпръскващ кирка
MountainsMinigame/Select,Select,Избери
MountainsMinigame/SimpleLootBoxName,Simple Loot Manifester,Прост манифестатор на плячка
MountainsMinigame/RandomPickaxeName,Snake Pickaxe,Змийска кирка
MountainsMinigame/StoneAltarName,Stone Altar,Каменен олтар
MountainsMinigame/MountainsFortuneDescription,"Unlocks Mountains Fortune Ability: Player has a 15% chance to receive double items when manually destroying any stone, clay or ore. Doesn't affect ores in the Mine","Отключва способността ""Планинско богатство"": Имате 15% шанс да получите двойно количество предмети при ръчно унищожаване на камък, глина или руда. Не влияе върху рудата в мината."
MountainsMinigame/MountainsLucKDescription,"Unlocks Mountains Luck Ability: Player has a 30% chance to receive double items when manually destroying any stone, clay or ore. Doesn't affect ores in the Mine","Отключва способността ""Планински късмет"": Имате 30% шанс да получите двойно количество предмети при ръчно унищожаване на камък, глина или руда. Не влияе върху рудата в мината."
SnowyHillsMinigame/HandCannonDescription,"Blast resources from across the field. Less punch per shot, but huge range and burst fire that grows stronger with every extra round.","Изстрелва ресурси от другата страна на полето. По-малка мощност при всеки изстрел, но огромен обхват и автоматична стрелба, която става по-силна с всяка допълнителна патрон."
SnowyHillsMinigame/Bomb,Bomb,Бомба
SnowyHillsMinigame/CoalFuel,Coal Fuel Tier {Tier},Въглищно гориво - ниво {Tier}
SnowyHillsMinigame/HandCannon,Hand Cannon,Ръчен топ
SnowyHillsMinigame/Mallet,Mallet,Чукче
SnowyHillsMinigame/MalletDescription,"Smash resources up close with a mallet. Short reach, but fast swings and critical hits that can destroy resources in a single strike.","Разбивайте ресурси отблизо с чук. Кратък обхват, но бързи удари и критични попадения, които могат да унищожат ресурсите само с един удар."
SnowyHillsMinigame/BombDescription,"Throw explosives into clusters. Weak on single targets, but each blast can echo outward and clear several nodes at once.","Хвърляйте експлозиви в групи. Слаби срещу единични цели, но всяка експлозия може да отскочи навън и да изчисти няколко възела наведнъж."
SnowyHillsMinigame/TreeFuel,Tree Fuel Tier {Tier},Дърво гориво ниво {Tier}
SnowyHillsMinigame/BombWin,Win the game with Bomb to unlock this.,"Спечелете играта с Bomb, за да отключите това."
SnowyHillsMinigame/RangedWin,Win the game with Hand Cannon to unlock this.,"Спечелете играта с ръчен топ, за да отключите това."
SnowyHillsMinigame/MeleeWin,Win the game with Mallet to unlock this.,"Спечелете играта с чук, за да отключите това."
